"","PARCELID","CANOPY_PCT","SHRUB_PRESENCE","HERB_PRESENCE","SHRUB_HERB_PCT","IMPERVIOUS_PCT","MANI_LAWN_PCT","AG_PCT","OTHER_PCT","BUILDINGS_CNT","BOAT_SHORE_CNT","FIRE_PIT_CNT","OTHER_STRUCTURE_CNT","POINT_SOURCE_PRES","CHANNEL_FLOW_PRES","STAIR_LAKE_PRES","LAWN_LAKE_PRES","SAND_DEP_PRES","OTHER_RUNOFF_PRES","VERTICAL_WALL_LEN","RIPRAP_LEN","EROSION_CNTRL_LEN","ART_BEACH_LEN","GREAT_ERO_LEN","LESS_ERO_LEN","PIERS_CNT","BOAT_LIFT_CNT","SWIM_RAFT_CNT","BOATHOUSE_CNT","MARINAS_CNT","STRUCTURE_OTHER_CNT","EMERGENT_VEG_PRES","FLOATING_VEG_PRES","PLANT_REMOVAL_PRES","FLOAT_EMERG_PRES","EXPOSED_CANOPY_PRES","EXPOSED_SHRUB_PRES","EXPOSED_HERB_PRES","EXPOSED_MOW_PRES","EXPOSED_TILL_PRES","NOTES","PLACENAME","COUNTY","LAKE_NAME","WBIC"
"1","12-1694",100,FALSE,FALSE,0,0,0,0,100,0,0,0,0,0,0,0,0,0,0,0,0,0,0,0,0,0,0,0,0,0,0,FALSE,FALSE,FALSE,FALSE,FALSE,FALSE,FALSE,FALSE,FALSE,NA,"TOWN OF LAND O LAKES","VILAS","Big Portage Lake",1629500
"2","12-1695",95,FALSE,TRUE,10,30,0,60,0,0,1,0,1,0,0,2,2,2,0,0,0,0,0,200,0,1,1,0,0,0,0,TRUE,FALSE,FALSE,TRUE,FALSE,FALSE,FALSE,FALSE,FALSE,NA,"TOWN OF LAND O LAKES","VILAS","Big Portage Lake",1629500
"3","12-1698",95,TRUE,TRUE,10,20,10,0,60,0,0,0,8,0,0,2,0,2,0,50,0,0,0,100,0,1,4,0,0,0,0,TRUE,FALSE,FALSE,TRUE,FALSE,FALSE,FALSE,FALSE,FALSE,NA,"TOWN OF LAND O LAKES","VILAS","Big Portage Lake",1629500
"4","12-1724-022",70,FALSE,TRUE,70,0,0,0,30,0,1,0,0,0,0,2,0,2,0,0,0,0,0,0,0,0,2,0,0,0,0,TRUE,FALSE,FALSE,TRUE,FALSE,FALSE,FALSE,FALSE,FALSE,NA,"TOWN OF LAND O LAKES","VILAS","Big Portage Lake",1629500
"5","12-1724-021",90,FALSE,FALSE,0,20,40,0,40,0,2,0,0,0,0,2,2,2,0,100,0,0,0,0,0,2,0,0,0,0,0,TRUE,FALSE,FALSE,TRUE,FALSE,FALSE,FALSE,FALSE,FALSE,NA,"TOWN OF LAND O LAKES","VILAS","Big Portage Lake",1629500
"6","12-1720",5,FALSE,FALSE,0,5,95,0,0,1,0,0,1,0,0,2,0,2,0,0,0,0,0,0,0,1,1,0,0,0,0,TRUE,FALSE,FALSE,TRUE,FALSE,FALSE,FALSE,FALSE,FALSE,NA,"TOWN OF LAND O LAKES","VILAS","Big Portage Lake",1629500
"7","12-1699-01",100,FALSE,TRUE,20,0,0,0,80,0,0,0,1,0,0,0,0,2,0,0,0,0,0,100,0,1,1,0,0,0,0,FALSE,FALSE,FALSE,FALSE,FALSE,FALSE,FALSE,FALSE,FALSE,NA,"TOWN OF LAND O LAKES","VILAS","Big Portage Lake",1629500
"8","12-1703",80,FALSE,TRUE,10,10,40,0,40,0,2,0,0,0,0,0,0,2,0,0,0,0,0,0,0,2,2,1,0,0,0,FALSE,FALSE,FALSE,FALSE,FALSE,FALSE,FALSE,FALSE,FALSE,NA,"TOWN OF LAND O LAKES","VILAS","Big Portage Lake",1629500
"9","12-1724-009",100,TRUE,TRUE,50,0,0,0,50,0,0,0,0,0,0,0,0,0,0,0,0,0,0,0,0,0,0,0,0,0,0,FALSE,FALSE,FALSE,FALSE,FALSE,FALSE,FALSE,FALSE,FALSE,NA,"TOWN OF LAND O LAKES","VILAS","Big Portage Lake",1629500
"10","12-1724-010",100,TRUE,TRUE,50,0,0,0,50,0,0,0,0,0,0,0,0,0,0,0,0,0,0,0,0,0,0,0,0,0,0,FALSE,FALSE,FALSE,FALSE,FALSE,FALSE,FALSE,FALSE,FALSE,NA,"TOWN OF LAND O LAKES","VILAS","Big Portage Lake",1629500
"11","12-1724-011",100,TRUE,TRUE,50,0,0,0,50,0,0,0,0,0,0,0,0,0,0,0,0,0,0,0,0,0,0,0,0,0,0,FALSE,FALSE,FALSE,FALSE,FALSE,FALSE,FALSE,FALSE,FALSE,NA,"TOWN OF LAND O LAKES","VILAS","Big Portage Lake",1629500
"12","12-1724-012",100,FALSE,FALSE,0,0,0,0,100,0,0,0,0,0,0,0,0,0,0,0,0,0,0,0,0,0,0,0,0,0,0,FALSE,FALSE,FALSE,FALSE,FALSE,FALSE,FALSE,FALSE,FALSE,NA,"TOWN OF LAND O LAKES","VILAS","Big Portage Lake",1629500
"13","12-1724-013",100,FALSE,FALSE,0,0,0,0,100,0,0,0,0,0,0,0,0,0,0,0,0,0,0,0,0,0,0,0,0,0,0,FALSE,FALSE,FALSE,FALSE,FALSE,FALSE,FALSE,FALSE,FALSE,NA,"TOWN OF LAND O LAKES","VILAS","Big Portage Lake",1629500
"14","12-1724-014",100,FALSE,FALSE,0,0,0,0,100,0,0,0,0,0,0,0,0,0,0,0,0,0,0,0,0,0,0,0,0,0,0,FALSE,FALSE,FALSE,FALSE,FALSE,FALSE,FALSE,FALSE,FALSE,NA,"TOWN OF LAND O LAKES","VILAS","Big Portage Lake",1629500
"15","12-1724-015",100,FALSE,FALSE,0,0,0,0,100,0,0,0,0,0,0,0,0,0,0,0,0,0,0,0,0,0,0,0,0,0,0,FALSE,FALSE,FALSE,FALSE,FALSE,FALSE,FALSE,FALSE,FALSE,NA,"TOWN OF LAND O LAKES","VILAS","Big Portage Lake",1629500
"16","12-1724-016",100,FALSE,FALSE,0,0,0,0,100,0,0,0,0,0,0,0,0,0,0,0,0,0,0,0,0,0,0,0,0,0,0,FALSE,FALSE,FALSE,FALSE,FALSE,FALSE,FALSE,FALSE,FALSE,NA,"TOWN OF LAND O LAKES","VILAS","Big Portage Lake",1629500
"17","12-1724-020",100,FALSE,FALSE,0,0,0,0,100,0,0,0,0,0,0,0,0,0,0,0,0,0,0,0,0,0,0,0,0,0,0,FALSE,FALSE,FALSE,FALSE,FALSE,FALSE,FALSE,FALSE,FALSE,NA,"TOWN OF LAND O LAKES","VILAS","Big Portage Lake",1629500
"18","12-1724-019",70,FALSE,TRUE,30,10,0,0,60,0,3,0,1,0,0,2,2,2,0,0,0,0,0,0,0,1,2,0,0,0,0,TRUE,FALSE,FALSE,TRUE,FALSE,FALSE,FALSE,FALSE,FALSE,NA,"TOWN OF LAND O LAKES","VILAS","Big Portage Lake",1629500
"19","12-1724-018",100,FALSE,FALSE,0,0,0,0,100,0,0,0,0,0,0,2,0,0,0,0,0,0,0,0,0,0,0,0,0,0,0,FALSE,FALSE,FALSE,FALSE,FALSE,FALSE,FALSE,FALSE,FALSE,NA,"TOWN OF LAND O LAKES","VILAS","Big Portage Lake",1629500
"20","12-1724-017",100,FALSE,FALSE,0,0,0,0,100,0,0,0,0,0,0,0,0,0,0,0,0,0,0,0,0,0,0,0,0,0,0,FALSE,FALSE,FALSE,FALSE,FALSE,FALSE,FALSE,FALSE,FALSE,NA,"TOWN OF LAND O LAKES","VILAS","Big Portage Lake",1629500
"21","12-1704",30,FALSE,TRUE,20,0,40,0,40,0,3,1,1,0,0,2,0,2,0,0,100,0,0,0,0,1,1,0,0,0,0,TRUE,FALSE,FALSE,TRUE,FALSE,FALSE,FALSE,FALSE,FALSE,NA,"TOWN OF LAND O LAKES","VILAS","Big Portage Lake",1629500
"22","12-1724-004",60,TRUE,TRUE,80,0,0,0,20,0,0,0,0,0,0,0,0,0,0,0,0,0,0,100,0,0,0,0,0,0,0,FALSE,FALSE,FALSE,FALSE,FALSE,FALSE,FALSE,FALSE,FALSE,NA,"TOWN OF LAND O LAKES","VILAS","Big Portage Lake",1629500
"23","12-2019",85,TRUE,TRUE,20,10,10,0,60,0,0,0,0,0,0,0,0,0,0,100,0,0,0,0,0,2,2,1,0,0,0,TRUE,FALSE,FALSE,TRUE,FALSE,FALSE,FALSE,FALSE,FALSE,NA,"TOWN OF LAND O LAKES","VILAS","Big Portage Lake",1629500
"24","12-2022",40,FALSE,TRUE,30,0,30,0,40,0,0,0,2,0,0,2,2,0,0,0,0,0,0,0,0,2,2,0,0,0,0,TRUE,FALSE,FALSE,TRUE,FALSE,FALSE,FALSE,FALSE,FALSE,NA,"TOWN OF LAND O LAKES","VILAS","Big Portage Lake",1629500
"25","12-2021",10,FALSE,TRUE,20,20,50,0,10,1,0,1,1,0,0,2,2,2,0,70,70,0,0,0,0,1,1,0,0,0,0,TRUE,FALSE,FALSE,TRUE,FALSE,FALSE,FALSE,FALSE,FALSE,NA,"TOWN OF LAND O LAKES","VILAS","Big Portage Lake",1629500
"26","12-2023",60,FALSE,TRUE,10,40,40,0,10,1,2,0,3,0,0,2,2,2,0,110,10,0,0,50,0,1,1,1,0,0,0,TRUE,FALSE,FALSE,TRUE,FALSE,FALSE,FALSE,FALSE,FALSE,NA,"TOWN OF LAND O LAKES","VILAS","Big Portage Lake",1629500
"27","12-2020",100,TRUE,TRUE,40,0,0,0,60,0,1,0,0,0,0,2,2,0,0,0,0,0,0,0,0,1,0,0,0,0,0,TRUE,FALSE,FALSE,TRUE,FALSE,FALSE,FALSE,FALSE,FALSE,NA,"TOWN OF LAND O LAKES","VILAS","Big Portage Lake",1629500
"28","12-1702",100,FALSE,TRUE,5,0,0,0,95,0,0,0,0,0,0,0,0,0,0,0,0,0,0,0,0,0,0,0,0,0,0,FALSE,FALSE,FALSE,FALSE,FALSE,FALSE,FALSE,FALSE,FALSE,NA,"TOWN OF LAND O LAKES","VILAS","Big Portage Lake",1629500
"29","12-1701",100,FALSE,FALSE,0,0,0,0,100,0,0,0,0,0,0,0,0,0,0,0,0,0,0,0,0,0,0,0,0,0,0,FALSE,FALSE,FALSE,FALSE,FALSE,FALSE,FALSE,FALSE,FALSE,NA,"TOWN OF LAND O LAKES","VILAS","Big Portage Lake",1629500
"30","12-1705",100,FALSE,FALSE,0,0,0,0,100,0,0,0,0,0,0,0,0,0,0,0,0,0,0,0,0,0,0,0,0,0,0,FALSE,FALSE,FALSE,FALSE,FALSE,FALSE,FALSE,FALSE,FALSE,NA,"TOWN OF LAND O LAKES","VILAS","Big Portage Lake",1629500
"31","12-1706",80,TRUE,TRUE,20,0,0,0,80,0,1,0,0,0,0,0,2,0,0,0,0,0,0,0,0,2,0,0,0,0,0,TRUE,FALSE,FALSE,TRUE,FALSE,FALSE,FALSE,FALSE,FALSE,NA,"TOWN OF LAND O LAKES","VILAS","Big Portage Lake",1629500
"32","12-1707",40,TRUE,TRUE,10,0,90,0,0,1,0,1,3,0,0,0,0,0,0,0,60,0,0,0,0,1,0,0,0,0,0,TRUE,FALSE,FALSE,TRUE,FALSE,FALSE,FALSE,FALSE,FALSE,NA,"TOWN OF LAND O LAKES","VILAS","Big Portage Lake",1629500
"33","12-2025",95,TRUE,TRUE,5,0,15,0,80,0,3,0,1,0,0,2,2,0,0,0,0,0,0,0,0,1,0,1,0,0,0,TRUE,FALSE,FALSE,TRUE,FALSE,FALSE,FALSE,FALSE,FALSE,NA,"TOWN OF LAND O LAKES","VILAS","Big Portage Lake",1629500
"34","12-2026",100,FALSE,FALSE,0,0,0,0,100,0,0,0,0,0,0,0,0,0,0,0,0,0,0,0,0,0,0,0,0,0,0,FALSE,FALSE,FALSE,FALSE,FALSE,FALSE,FALSE,FALSE,FALSE,NA,"TOWN OF LAND O LAKES","VILAS","Big Portage Lake",1629500
"35","12-2027",100,FALSE,FALSE,0,0,0,0,100,0,0,0,0,0,0,0,0,0,0,0,0,0,0,0,0,0,0,0,0,0,0,FALSE,FALSE,FALSE,FALSE,FALSE,FALSE,FALSE,FALSE,FALSE,NA,"TOWN OF LAND O LAKES","VILAS","Big Portage Lake",1629500
"36","12-2024",100,FALSE,TRUE,10,0,10,0,80,0,4,0,3,0,0,2,0,0,0,0,0,0,0,0,0,1,1,1,0,0,0,TRUE,FALSE,FALSE,TRUE,FALSE,FALSE,FALSE,FALSE,FALSE,NA,"TOWN OF LAND O LAKES","VILAS","Big Portage Lake",1629500
"37","12-2028",100,FALSE,FALSE,0,0,0,0,100,0,0,0,0,0,0,0,0,0,0,0,0,0,0,0,0,0,0,0,0,0,0,FALSE,FALSE,FALSE,FALSE,FALSE,FALSE,FALSE,FALSE,FALSE,NA,"TOWN OF LAND O LAKES","VILAS","Big Portage Lake",1629500
"38","12-2029",90,FALSE,TRUE,25,10,5,0,60,0,0,0,3,0,0,2,2,0,0,0,0,0,0,0,0,1,0,0,0,0,0,FALSE,FALSE,FALSE,FALSE,FALSE,FALSE,FALSE,FALSE,FALSE,NA,"TOWN OF LAND O LAKES","VILAS","Big Portage Lake",1629500
"39","12-2030",100,FALSE,FALSE,0,0,0,0,100,1,5,0,2,0,0,2,2,0,0,0,0,0,0,0,0,2,1,0,0,0,0,TRUE,FALSE,FALSE,TRUE,FALSE,FALSE,FALSE,FALSE,FALSE,NA,"TOWN OF LAND O LAKES","VILAS","Big Portage Lake",1629500
"40","12-2031-01",90,FALSE,TRUE,50,10,20,0,20,0,5,1,0,0,0,0,2,2,0,50,0,0,0,10,0,2,1,0,0,0,0,FALSE,FALSE,FALSE,FALSE,FALSE,FALSE,FALSE,FALSE,FALSE,NA,"TOWN OF LAND O LAKES","VILAS","Big Portage Lake",1629500
"41","12-2031",95,FALSE,TRUE,10,0,0,0,90,0,0,0,1,0,2,2,2,2,0,0,0,0,0,100,0,1,0,0,0,0,0,FALSE,FALSE,FALSE,FALSE,FALSE,FALSE,FALSE,FALSE,FALSE,NA,"TOWN OF LAND O LAKES","VILAS","Big Portage Lake",1629500
"42","12-2031-09",100,FALSE,TRUE,50,0,0,0,50,0,0,0,0,0,0,0,0,0,0,0,0,0,0,0,0,0,0,0,0,0,0,FALSE,FALSE,FALSE,FALSE,FALSE,FALSE,FALSE,FALSE,FALSE,NA,"TOWN OF LAND O LAKES","VILAS","Big Portage Lake",1629500
"43","12-2032",100,TRUE,TRUE,100,0,0,0,0,0,0,0,0,0,0,0,0,0,0,0,0,0,0,0,0,0,0,0,0,0,0,FALSE,FALSE,FALSE,FALSE,FALSE,FALSE,FALSE,FALSE,FALSE,NA,"TOWN OF LAND O LAKES","VILAS","Big Portage Lake",1629500
"44","12-2049",90,FALSE,TRUE,25,20,50,0,5,1,0,0,1,0,0,2,2,2,0,40,40,0,0,0,0,1,1,0,0,0,0,FALSE,FALSE,FALSE,FALSE,FALSE,FALSE,FALSE,FALSE,FALSE,NA,"TOWN OF LAND O LAKES","VILAS","Big Portage Lake",1629500
"45","12-2050",80,TRUE,TRUE,80,0,0,0,20,0,0,0,1,0,0,0,0,0,0,0,0,0,0,0,0,0,0,0,0,0,0,TRUE,TRUE,FALSE,TRUE,FALSE,FALSE,FALSE,FALSE,FALSE,NA,"TOWN OF LAND O LAKES","VILAS","Big Portage Lake",1629500
"46","12-2051",85,TRUE,TRUE,60,0,20,0,20,0,1,1,1,0,2,2,2,0,0,0,0,0,0,50,0,1,0,0,0,0,0,TRUE,FALSE,FALSE,TRUE,FALSE,FALSE,FALSE,FALSE,FALSE,NA,"TOWN OF LAND O LAKES","VILAS","Big Portage Lake",1629500
"47","12-2052",70,TRUE,TRUE,30,40,0,0,30,0,1,1,7,0,0,2,2,2,0,100,0,100,150,75,0,2,2,1,0,0,0,FALSE,FALSE,FALSE,FALSE,FALSE,FALSE,FALSE,FALSE,FALSE,NA,"TOWN OF LAND O LAKES","VILAS","Big Portage Lake",1629500
"48","12-2053",95,FALSE,TRUE,50,0,50,0,0,1,4,0,1,0,0,0,0,0,0,0,0,0,0,0,15,1,2,1,0,0,0,TRUE,FALSE,FALSE,TRUE,FALSE,FALSE,FALSE,FALSE,FALSE,NA,"TOWN OF LAND O LAKES","VILAS","Big Portage Lake",1629500
"49","12-2054",80,FALSE,TRUE,20,0,50,0,30,0,0,0,1,0,0,0,0,2,0,0,0,0,0,0,0,1,0,0,0,0,0,FALSE,FALSE,FALSE,FALSE,FALSE,FALSE,FALSE,FALSE,FALSE,NA,"TOWN OF LAND O LAKES","VILAS","Big Portage Lake",1629500
"50","12-2055",100,FALSE,TRUE,60,0,0,0,40,0,0,0,0,0,0,2,2,0,0,0,100,0,0,0,0,1,1,0,0,0,0,FALSE,FALSE,FALSE,FALSE,FALSE,FALSE,FALSE,FALSE,FALSE,NA,"TOWN OF LAND O LAKES","VILAS","Big Portage Lake",1629500
"51","12-2056",60,FALSE,TRUE,95,0,0,0,5,0,0,0,4,0,0,2,2,0,0,0,10,0,0,0,0,1,0,1,0,0,0,FALSE,FALSE,FALSE,FALSE,FALSE,FALSE,FALSE,FALSE,FALSE,NA,"TOWN OF LAND O LAKES","VILAS","Big Portage Lake",1629500
"52","12-2057",100,FALSE,TRUE,45,0,0,0,55,0,0,0,0,0,0,2,0,0,0,0,0,0,0,0,0,1,0,0,0,0,0,FALSE,FALSE,FALSE,FALSE,FALSE,FALSE,FALSE,FALSE,FALSE,NA,"TOWN OF LAND O LAKES","VILAS","Big Portage Lake",1629500
"53","12-2058",100,TRUE,TRUE,40,0,10,0,50,0,0,0,0,0,0,2,2,0,0,0,0,0,0,0,0,0,0,0,0,0,0,TRUE,FALSE,FALSE,TRUE,FALSE,FALSE,FALSE,FALSE,FALSE,NA,"TOWN OF LAND O LAKES","VILAS","Big Portage Lake",1629500
"54","12-2059",100,TRUE,TRUE,50,0,0,0,50,0,0,0,0,0,0,2,2,0,0,5,5,0,0,0,0,1,1,0,0,0,0,FALSE,FALSE,FALSE,FALSE,FALSE,FALSE,FALSE,FALSE,FALSE,NA,"TOWN OF LAND O LAKES","VILAS","Big Portage Lake",1629500
"55","12-2060",100,FALSE,FALSE,0,10,0,0,90,0,3,0,0,0,0,2,2,0,0,0,0,0,0,0,0,1,0,0,0,0,0,FALSE,FALSE,FALSE,FALSE,FALSE,FALSE,FALSE,FALSE,FALSE,NA,"TOWN OF LAND O LAKES","VILAS","Big Portage Lake",1629500
"56","12-2061",100,TRUE,TRUE,40,5,0,0,55,0,1,0,2,0,0,2,2,0,0,8,0,0,0,0,0,1,1,0,0,0,0,FALSE,FALSE,FALSE,FALSE,FALSE,FALSE,FALSE,FALSE,FALSE,NA,"TOWN OF LAND O LAKES","VILAS","Big Portage Lake",1629500
"57","12-2062",95,TRUE,FALSE,20,0,30,0,50,0,0,0,1,0,0,0,0,0,0,0,5,0,0,0,0,2,1,0,0,0,0,TRUE,FALSE,FALSE,TRUE,FALSE,FALSE,FALSE,FALSE,FALSE,NA,"TOWN OF LAND O LAKES","VILAS","Big Portage Lake",1629500
"58","12-2063",100,TRUE,TRUE,40,0,0,0,60,0,2,0,0,0,0,0,2,0,0,0,0,0,0,0,0,2,1,0,0,0,0,TRUE,TRUE,FALSE,TRUE,FALSE,FALSE,FALSE,FALSE,FALSE,NA,"TOWN OF LAND O LAKES","VILAS","Big Portage Lake",1629500
"59","12-2064",70,TRUE,TRUE,80,10,10,0,0,0,4,0,0,0,0,2,2,0,0,0,5,0,0,0,0,2,1,0,0,0,0,TRUE,FALSE,FALSE,TRUE,FALSE,FALSE,FALSE,FALSE,FALSE,NA,"TOWN OF LAND O LAKES","VILAS","Big Portage Lake",1629500
"60","12-2065",100,TRUE,TRUE,70,0,0,0,30,0,0,0,0,0,0,0,0,0,0,0,0,0,0,0,0,0,0,0,0,0,0,FALSE,FALSE,FALSE,FALSE,FALSE,FALSE,FALSE,FALSE,FALSE,NA,"TOWN OF LAND O LAKES","VILAS","Big Portage Lake",1629500
"61","12-2066",100,TRUE,TRUE,80,0,20,0,0,0,1,1,0,0,0,2,2,0,0,10,0,0,0,0,0,1,1,0,0,0,0,TRUE,FALSE,FALSE,TRUE,FALSE,FALSE,FALSE,FALSE,FALSE,NA,"TOWN OF LAND O LAKES","VILAS","Big Portage Lake",1629500
"62","12-2067",100,TRUE,TRUE,65,10,15,0,10,0,2,0,1,0,0,2,2,2,0,150,30,0,0,0,0,2,2,0,0,0,0,TRUE,FALSE,FALSE,TRUE,FALSE,FALSE,FALSE,FALSE,FALSE,NA,"TOWN OF LAND O LAKES","VILAS","Big Portage Lake",1629500
"63","12-2068",95,TRUE,TRUE,85,5,10,0,0,0,1,0,2,0,0,2,2,0,0,0,0,0,0,0,0,1,1,0,0,0,0,TRUE,FALSE,FALSE,TRUE,FALSE,FALSE,FALSE,FALSE,FALSE,NA,"TOWN OF LAND O LAKES","VILAS","Big Portage Lake",1629500
"64","12-2069",100,TRUE,TRUE,80,0,0,0,20,0,0,0,0,0,0,0,0,0,0,0,0,0,0,0,0,0,0,0,0,0,0,FALSE,FALSE,FALSE,FALSE,FALSE,FALSE,FALSE,FALSE,FALSE,NA,"TOWN OF LAND O LAKES","VILAS","Big Portage Lake",1629500
"65","12-2070",90,TRUE,TRUE,100,0,0,0,0,0,0,0,0,0,0,0,0,0,0,0,0,0,0,0,0,0,0,0,0,0,0,TRUE,FALSE,FALSE,TRUE,FALSE,FALSE,FALSE,FALSE,FALSE,NA,"TOWN OF LAND O LAKES","VILAS","Big Portage Lake",1629500
"66","12-2071",95,FALSE,TRUE,90,10,0,0,0,0,1,0,0,0,0,2,2,0,0,0,0,0,0,0,0,1,1,0,0,0,0,TRUE,FALSE,FALSE,TRUE,FALSE,FALSE,FALSE,FALSE,FALSE,NA,"TOWN OF LAND O LAKES","VILAS","Big Portage Lake",1629500
"67","12-2072",90,TRUE,TRUE,70,0,0,0,30,0,1,0,1,0,0,2,0,0,0,0,0,0,0,0,0,1,0,0,0,0,0,TRUE,FALSE,FALSE,TRUE,FALSE,FALSE,FALSE,FALSE,FALSE,NA,"TOWN OF LAND O LAKES","VILAS","Big Portage Lake",1629500
"68","12-2073",100,TRUE,TRUE,60,0,40,0,0,0,1,0,0,0,0,2,2,0,0,0,0,0,0,0,15,1,2,0,0,0,0,TRUE,FALSE,FALSE,TRUE,FALSE,FALSE,FALSE,FALSE,FALSE,NA,"TOWN OF LAND O LAKES","VILAS","Big Portage Lake",1629500
"69","12-2074",90,FALSE,TRUE,5,5,0,0,90,1,0,1,2,0,0,2,2,0,0,0,100,50,0,0,0,1,1,0,0,0,0,TRUE,FALSE,FALSE,TRUE,FALSE,FALSE,FALSE,FALSE,FALSE,NA,"TOWN OF LAND O LAKES","VILAS","Big Portage Lake",1629500
"70","12-2005-03",100,FALSE,FALSE,0,0,0,0,100,0,0,0,0,0,0,0,0,0,0,0,0,0,0,0,0,0,0,0,0,0,0,FALSE,FALSE,FALSE,FALSE,FALSE,FALSE,FALSE,FALSE,FALSE,NA,"TOWN OF LAND O LAKES","VILAS","Big Portage Lake",1629500
"71","12-2005-02",80,TRUE,TRUE,20,40,20,0,20,1,13,1,2,0,0,2,2,2,0,30,0,0,40,0,0,2,0,0,0,0,0,TRUE,TRUE,TRUE,TRUE,FALSE,FALSE,FALSE,FALSE,FALSE,NA,"TOWN OF LAND O LAKES","VILAS","Big Portage Lake",1629500
"72","12-2002",100,FALSE,FALSE,0,20,0,0,80,0,2,0,2,0,2,2,2,2,0,10,0,0,0,0,0,1,0,0,0,0,0,TRUE,FALSE,FALSE,TRUE,FALSE,FALSE,FALSE,FALSE,FALSE,NA,"TOWN OF LAND O LAKES","VILAS","Big Portage Lake",1629500
"73","12-2001-01",100,TRUE,TRUE,20,20,0,0,60,0,4,0,2,0,2,2,2,0,0,20,0,0,0,0,0,1,2,0,0,0,0,FALSE,FALSE,FALSE,FALSE,FALSE,FALSE,FALSE,FALSE,FALSE,NA,"TOWN OF LAND O LAKES","VILAS","Big Portage Lake",1629500
"74","12-2001",100,FALSE,TRUE,10,50,10,0,30,2,2,0,0,0,0,2,2,0,0,50,100,0,0,0,0,1,1,0,0,0,0,FALSE,FALSE,FALSE,FALSE,FALSE,FALSE,FALSE,FALSE,FALSE,NA,"TOWN OF LAND O LAKES","VILAS","Big Portage Lake",1629500
"75","12-2004",100,FALSE,FALSE,0,0,0,0,100,0,0,0,0,0,0,0,0,0,0,0,0,0,0,0,0,0,0,0,0,0,0,FALSE,FALSE,FALSE,FALSE,FALSE,FALSE,FALSE,FALSE,FALSE,NA,"TOWN OF LAND O LAKES","VILAS","Big Portage Lake",1629500
"76","12-2005",30,FALSE,FALSE,0,10,80,0,10,1,2,0,4,0,0,0,0,0,0,0,0,0,0,0,0,1,0,0,0,0,0,FALSE,FALSE,FALSE,FALSE,FALSE,FALSE,FALSE,FALSE,FALSE,NA,"TOWN OF LAND O LAKES","VILAS","Big Portage Lake",1629500
"77","12-2000",40,FALSE,FALSE,0,10,60,0,30,1,0,1,7,0,0,2,0,2,0,0,0,0,0,0,0,1,0,0,0,0,0,TRUE,FALSE,FALSE,TRUE,FALSE,FALSE,FALSE,FALSE,FALSE,NA,"TOWN OF LAND O LAKES","VILAS","Big Portage Lake",1629500
"78","12-2007",70,FALSE,TRUE,20,0,40,0,40,1,5,1,0,0,0,2,0,2,0,0,0,0,0,0,0,1,0,0,0,0,0,TRUE,FALSE,FALSE,TRUE,FALSE,FALSE,FALSE,FALSE,FALSE,NA,"TOWN OF LAND O LAKES","VILAS","Big Portage Lake",1629500
"79","12-1997",55,FALSE,TRUE,10,10,40,0,40,0,4,1,2,0,0,2,0,2,0,0,0,0,0,0,0,1,0,0,0,0,0,TRUE,FALSE,FALSE,TRUE,FALSE,FALSE,FALSE,FALSE,FALSE,NA,"TOWN OF LAND O LAKES","VILAS","Big Portage Lake",1629500
"80","12-1998",50,FALSE,TRUE,10,0,50,0,40,1,2,0,1,0,0,0,0,0,0,0,0,0,0,0,0,0,0,0,0,0,0,TRUE,FALSE,FALSE,TRUE,FALSE,FALSE,FALSE,FALSE,FALSE,NA,"TOWN OF LAND O LAKES","VILAS","Big Portage Lake",1629500
"81","12-2018-001",95,FALSE,TRUE,20,10,20,0,50,1,3,0,8,0,0,2,2,2,0,0,0,0,0,0,0,1,3,1,0,0,0,TRUE,FALSE,FALSE,TRUE,FALSE,FALSE,FALSE,FALSE,FALSE,NA,"TOWN OF LAND O LAKES","VILAS","Big Portage Lake",1629500
"82","12-1988",90,FALSE,FALSE,0,0,50,0,50,0,0,0,0,0,0,0,0,0,0,0,0,0,0,0,0,1,2,0,0,0,0,TRUE,FALSE,FALSE,TRUE,FALSE,FALSE,FALSE,FALSE,FALSE,NA,"TOWN OF LAND O LAKES","VILAS","Big Portage Lake",1629500
"83","12-1996-01",100,FALSE,FALSE,0,0,0,0,100,0,0,0,3,0,0,0,2,0,0,0,0,0,0,0,0,0,0,0,0,0,0,TRUE,FALSE,FALSE,TRUE,FALSE,FALSE,FALSE,FALSE,FALSE,NA,"TOWN OF LAND O LAKES","VILAS","Big Portage Lake",1629500
"84","12-1990",100,FALSE,FALSE,0,10,0,0,90,1,1,0,2,0,0,2,2,0,0,0,0,0,0,0,0,1,1,0,0,0,0,TRUE,FALSE,FALSE,TRUE,FALSE,FALSE,FALSE,FALSE,FALSE,NA,"TOWN OF LAND O LAKES","VILAS","Big Portage Lake",1629500
"85","12-1996",100,FALSE,FALSE,0,5,0,0,95,0,0,0,1,0,0,2,2,0,0,0,0,0,0,0,0,1,0,0,0,0,0,TRUE,FALSE,FALSE,TRUE,FALSE,FALSE,FALSE,FALSE,FALSE,NA,"TOWN OF LAND O LAKES","VILAS","Big Portage Lake",1629500
"86","12-1991",100,TRUE,TRUE,30,10,0,0,60,1,2,0,3,0,0,2,2,0,0,0,0,0,0,0,0,1,1,0,0,0,0,TRUE,FALSE,FALSE,TRUE,FALSE,FALSE,FALSE,FALSE,FALSE,NA,"TOWN OF LAND O LAKES","VILAS","Big Portage Lake",1629500
"87","12-2037",100,FALSE,FALSE,0,20,0,0,80,1,1,0,2,0,0,2,2,0,0,0,0,5,0,0,0,1,0,0,0,0,0,TRUE,FALSE,FALSE,TRUE,FALSE,FALSE,FALSE,FALSE,FALSE,NA,"TOWN OF LAND O LAKES","VILAS","Big Portage Lake",1629500
"88","12-2038",100,FALSE,FALSE,0,10,10,0,80,0,2,1,4,0,0,2,2,0,0,0,5,0,0,0,0,1,0,0,0,0,0,TRUE,FALSE,FALSE,TRUE,FALSE,FALSE,FALSE,FALSE,FALSE,NA,"TOWN OF LAND O LAKES","VILAS","Big Portage Lake",1629500
"89","12-2043-01",100,FALSE,TRUE,30,0,0,0,70,2,1,0,0,0,0,2,2,0,0,0,0,0,0,0,0,1,0,0,0,0,0,TRUE,FALSE,FALSE,TRUE,FALSE,FALSE,FALSE,FALSE,FALSE,NA,"TOWN OF LAND O LAKES","VILAS","Big Portage Lake",1629500
"90","12-2042",20,FALSE,FALSE,0,10,90,0,0,0,1,0,0,0,0,2,2,2,0,0,0,0,0,0,0,1,0,1,0,0,0,FALSE,FALSE,FALSE,FALSE,FALSE,FALSE,FALSE,FALSE,FALSE,NA,"TOWN OF LAND O LAKES","VILAS","Big Portage Lake",1629500
"91","12-2035",100,FALSE,FALSE,0,10,70,0,20,1,0,0,6,0,0,2,0,0,0,10,0,0,0,0,0,1,2,0,0,0,0,FALSE,FALSE,FALSE,FALSE,FALSE,FALSE,FALSE,FALSE,FALSE,NA,"TOWN OF LAND O LAKES","VILAS","Big Portage Lake",1629500
"92","12-2040",100,TRUE,TRUE,30,10,0,0,60,0,2,0,0,0,0,0,0,0,0,0,0,0,0,0,0,1,0,0,0,0,0,FALSE,FALSE,FALSE,FALSE,FALSE,FALSE,FALSE,FALSE,FALSE,NA,"TOWN OF LAND O LAKES","VILAS","Big Portage Lake",1629500
"93","12-2039",80,FALSE,TRUE,10,30,30,0,30,1,3,1,8,0,2,2,2,2,0,0,0,0,0,0,0,2,0,0,1,0,0,FALSE,FALSE,FALSE,FALSE,FALSE,FALSE,FALSE,FALSE,FALSE,NA,"TOWN OF LAND O LAKES","VILAS","Big Portage Lake",1629500
"94","12-2043",100,FALSE,FALSE,0,40,0,0,60,0,2,0,7,0,0,2,2,0,0,0,0,0,0,0,0,2,3,0,0,0,0,TRUE,FALSE,FALSE,TRUE,FALSE,FALSE,FALSE,FALSE,FALSE,NA,"TOWN OF LAND O LAKES","VILAS","Big Portage Lake",1629500
"95","12-2041",100,FALSE,FALSE,0,0,0,0,100,0,0,0,0,0,0,0,0,0,0,0,0,0,0,0,0,0,0,0,0,0,0,FALSE,FALSE,FALSE,FALSE,FALSE,FALSE,FALSE,FALSE,FALSE,NA,"TOWN OF LAND O LAKES","VILAS","Big Portage Lake",1629500
"96","12-2034",100,FALSE,TRUE,10,10,0,0,80,2,2,0,3,0,0,2,0,0,0,0,0,0,0,0,0,2,0,0,0,0,0,FALSE,FALSE,FALSE,FALSE,FALSE,FALSE,FALSE,FALSE,FALSE,NA,"TOWN OF LAND O LAKES","VILAS","Big Portage Lake",1629500
"97","12-1992",100,FALSE,FALSE,0,5,5,0,90,1,0,1,2,0,0,2,2,0,0,0,0,0,0,0,0,1,0,0,0,0,0,TRUE,TRUE,FALSE,TRUE,FALSE,FALSE,FALSE,FALSE,FALSE,NA,"TOWN OF LAND O LAKES","VILAS","Big Portage Lake",1629500
"98","12-1989",100,FALSE,FALSE,20,10,0,0,70,1,1,1,2,0,0,2,2,0,0,0,0,0,0,0,0,1,1,0,1,0,0,TRUE,FALSE,FALSE,TRUE,FALSE,FALSE,FALSE,FALSE,FALSE,NA,"TOWN OF LAND O LAKES","VILAS","Big Portage Lake",1629500
"99","12-1989-02",100,FALSE,FALSE,0,0,0,0,100,0,0,0,0,0,0,0,0,0,0,0,0,0,0,0,0,0,0,0,0,0,0,FALSE,FALSE,FALSE,FALSE,FALSE,FALSE,FALSE,FALSE,FALSE,NA,"TOWN OF LAND O LAKES","VILAS","Big Portage Lake",1629500
"100","12-1987-01",100,FALSE,FALSE,0,10,0,0,90,1,0,0,0,0,0,2,2,0,0,0,0,0,0,0,0,1,2,0,1,0,0,FALSE,FALSE,FALSE,FALSE,FALSE,FALSE,FALSE,FALSE,FALSE,NA,"TOWN OF LAND O LAKES","VILAS","Big Portage Lake",1629500
"101","12-1987-02",100,TRUE,TRUE,40,10,0,0,50,1,4,1,18,0,0,0,0,0,0,0,0,0,0,0,0,1,1,1,0,0,0,TRUE,FALSE,FALSE,TRUE,FALSE,FALSE,FALSE,FALSE,FALSE,NA,"TOWN OF LAND O LAKES","VILAS","Big Portage Lake",1629500
"102","12-1986",100,FALSE,FALSE,0,0,0,0,100,0,0,0,0,0,0,2,0,0,0,0,0,0,0,0,0,0,0,0,0,0,0,FALSE,FALSE,FALSE,FALSE,FALSE,FALSE,FALSE,FALSE,FALSE,NA,"TOWN OF LAND O LAKES","VILAS","Big Portage Lake",1629500
"103","12-1987",100,FALSE,FALSE,0,0,0,0,100,0,0,0,0,0,0,2,0,0,0,0,0,0,0,0,0,0,0,0,0,0,0,FALSE,FALSE,FALSE,FALSE,FALSE,FALSE,FALSE,FALSE,FALSE,NA,"TOWN OF LAND O LAKES","VILAS","Big Portage Lake",1629500
"104","12-1981",30,TRUE,TRUE,10,10,70,0,10,1,3,1,4,0,0,2,2,2,2,0,0,0,0,0,0,2,0,0,0,0,0,FALSE,FALSE,FALSE,FALSE,FALSE,FALSE,FALSE,FALSE,FALSE,NA,"TOWN OF LAND O LAKES","VILAS","Big Portage Lake",1629500
"105","12-1983",40,FALSE,TRUE,20,30,30,0,20,0,4,0,20,0,0,1,0,2,0,150,0,0,200,0,0,1,1,0,0,0,0,TRUE,FALSE,FALSE,TRUE,FALSE,FALSE,FALSE,FALSE,FALSE,NA,"TOWN OF LAND O LAKES","VILAS","Big Portage Lake",1629500
"106","12-1982",100,FALSE,FALSE,0,0,0,0,100,0,1,0,2,0,0,2,2,0,0,0,0,0,0,0,0,0,0,0,0,0,0,FALSE,FALSE,FALSE,FALSE,FALSE,FALSE,FALSE,FALSE,FALSE,NA,"TOWN OF LAND O LAKES","VILAS","Big Portage Lake",1629500
"107","12-1984",20,FALSE,TRUE,10,20,60,0,10,1,0,0,3,0,0,2,2,0,2,150,150,0,0,0,0,1,0,0,0,0,0,TRUE,FALSE,FALSE,TRUE,FALSE,FALSE,FALSE,FALSE,FALSE,NA,"TOWN OF LAND O LAKES","VILAS","Big Portage Lake",1629500
"108","12-1747",100,FALSE,TRUE,20,10,0,0,70,0,1,0,3,0,0,2,2,0,0,0,0,0,0,0,0,1,1,0,0,0,0,TRUE,FALSE,FALSE,TRUE,FALSE,FALSE,FALSE,FALSE,FALSE,NA,"TOWN OF LAND O LAKES","VILAS","Big Portage Lake",1629500
"109","12-1744",100,TRUE,TRUE,60,10,0,0,30,0,3,0,3,0,0,0,2,0,0,0,0,0,0,0,0,1,1,0,0,0,0,TRUE,FALSE,FALSE,TRUE,FALSE,FALSE,FALSE,FALSE,FALSE,NA,"TOWN OF LAND O LAKES","VILAS","Big Portage Lake",1629500
"110","12-1739",100,TRUE,TRUE,50,10,0,0,40,1,1,0,2,0,0,0,2,2,0,0,0,0,0,0,0,1,1,0,0,0,0,TRUE,FALSE,FALSE,TRUE,FALSE,FALSE,FALSE,FALSE,FALSE,NA,"TOWN OF LAND O LAKES","VILAS","Big Portage Lake",1629500
"111","12-1741",100,FALSE,TRUE,30,20,0,0,50,1,4,1,5,0,2,2,2,2,0,15,0,0,0,0,0,1,1,0,0,0,0,FALSE,FALSE,FALSE,FALSE,FALSE,FALSE,FALSE,FALSE,FALSE,NA,"TOWN OF LAND O LAKES","VILAS","Big Portage Lake",1629500
"112","12-1742",100,FALSE,TRUE,40,10,0,0,50,1,1,0,0,0,0,2,2,2,0,0,0,0,0,0,0,1,1,0,0,0,0,FALSE,FALSE,FALSE,FALSE,FALSE,FALSE,FALSE,FALSE,FALSE,NA,"TOWN OF LAND O LAKES","VILAS","Big Portage Lake",1629500
"113","12-1740",100,TRUE,TRUE,50,0,0,0,50,0,0,0,2,0,0,2,0,0,0,0,0,0,0,0,0,0,0,0,0,0,0,FALSE,FALSE,FALSE,FALSE,FALSE,FALSE,FALSE,FALSE,FALSE,NA,"TOWN OF LAND O LAKES","VILAS","Big Portage Lake",1629500
"114","12-1728",100,TRUE,TRUE,10,10,70,0,10,0,1,1,5,0,0,0,2,2,0,0,0,0,0,0,0,1,1,0,0,0,0,FALSE,FALSE,FALSE,FALSE,FALSE,FALSE,FALSE,FALSE,FALSE,NA,"TOWN OF LAND O LAKES","VILAS","Big Portage Lake",1629500
"115","12-1729",95,FALSE,TRUE,10,10,70,0,10,1,2,1,2,0,0,2,0,2,0,0,0,0,0,0,0,1,1,0,0,0,0,TRUE,FALSE,FALSE,TRUE,FALSE,FALSE,FALSE,FALSE,FALSE,NA,"TOWN OF LAND O LAKES","VILAS","Big Portage Lake",1629500
"116","12-1730",60,TRUE,TRUE,10,10,0,0,80,1,6,0,1,0,0,0,0,2,0,0,0,0,0,0,0,1,0,0,0,0,0,FALSE,FALSE,FALSE,FALSE,FALSE,FALSE,FALSE,FALSE,FALSE,NA,"TOWN OF LAND O LAKES","VILAS","Big Portage Lake",1629500
"117","12-1731",10,TRUE,TRUE,10,10,0,0,80,0,1,0,3,0,0,0,0,2,0,0,0,0,0,0,0,1,1,0,0,0,0,FALSE,FALSE,FALSE,FALSE,FALSE,FALSE,FALSE,FALSE,FALSE,NA,"TOWN OF LAND O LAKES","VILAS","Big Portage Lake",1629500
"118","12-1727",100,FALSE,TRUE,30,20,10,0,40,1,3,0,1,0,0,0,0,2,0,0,0,0,0,0,0,1,0,0,0,0,0,FALSE,FALSE,FALSE,FALSE,FALSE,FALSE,FALSE,FALSE,FALSE,NA,"TOWN OF LAND O LAKES","VILAS","Big Portage Lake",1629500
"119","12-1726",80,FALSE,TRUE,20,20,0,0,60,0,0,1,4,0,0,2,0,0,0,0,0,0,0,0,0,0,0,0,0,0,0,TRUE,FALSE,FALSE,TRUE,FALSE,FALSE,FALSE,FALSE,FALSE,NA,"TOWN OF LAND O LAKES","VILAS","Big Portage Lake",1629500
"120","12-1783",80,FALSE,FALSE,0,10,40,0,50,1,0,1,3,0,0,2,2,2,0,80,0,0,0,0,0,1,2,0,0,0,0,FALSE,FALSE,FALSE,FALSE,FALSE,FALSE,FALSE,FALSE,FALSE,NA,"TOWN OF LAND O LAKES","VILAS","Big Portage Lake",1629500
"121","12-1782",100,FALSE,FALSE,0,0,0,0,100,0,0,0,0,0,0,0,0,0,0,0,0,0,0,0,0,0,0,0,0,0,0,FALSE,FALSE,FALSE,FALSE,FALSE,FALSE,FALSE,FALSE,FALSE,NA,"TOWN OF LAND O LAKES","VILAS","Big Portage Lake",1629500
"122","12-1780",100,FALSE,TRUE,10,0,80,0,10,0,1,1,4,0,0,0,0,0,0,0,0,0,0,0,0,1,0,0,0,0,0,TRUE,FALSE,FALSE,TRUE,FALSE,FALSE,FALSE,FALSE,FALSE,NA,"TOWN OF LAND O LAKES","VILAS","Big Portage Lake",1629500
"123","12-1781",100,FALSE,FALSE,0,0,0,0,100,0,0,0,0,0,0,0,0,0,0,0,0,0,0,0,0,0,0,0,0,0,0,FALSE,FALSE,FALSE,FALSE,FALSE,FALSE,FALSE,FALSE,FALSE,NA,"TOWN OF LAND O LAKES","VILAS","Big Portage Lake",1629500
"124","12-1779",60,FALSE,TRUE,20,10,60,0,10,1,0,0,1,0,0,2,0,0,0,60,0,0,0,0,0,0,0,0,0,0,0,FALSE,FALSE,FALSE,FALSE,FALSE,FALSE,FALSE,FALSE,FALSE,NA,"TOWN OF LAND O LAKES","VILAS","Big Portage Lake",1629500
"125","12-1778",90,FALSE,TRUE,70,10,20,0,0,0,1,1,1,0,0,2,0,0,0,80,0,0,0,0,0,0,0,0,0,0,0,TRUE,FALSE,FALSE,TRUE,FALSE,FALSE,FALSE,FALSE,FALSE,NA,"TOWN OF LAND O LAKES","VILAS","Big Portage Lake",1629500
"126","12-1777",100,FALSE,FALSE,0,0,0,0,100,0,0,0,0,0,0,0,0,0,0,0,0,0,0,0,0,0,0,0,0,0,0,FALSE,FALSE,FALSE,FALSE,FALSE,FALSE,FALSE,FALSE,FALSE,NA,"TOWN OF LAND O LAKES","VILAS","Big Portage Lake",1629500
"127","12-1776",90,TRUE,TRUE,50,20,30,0,0,0,2,0,0,0,0,2,2,0,0,0,0,0,0,60,0,1,1,0,0,0,0,TRUE,FALSE,FALSE,TRUE,FALSE,FALSE,FALSE,FALSE,FALSE,NA,"TOWN OF LAND O LAKES","VILAS","Big Portage Lake",1629500
"128","12-1775",90,FALSE,TRUE,50,20,30,0,0,0,2,0,1,0,0,2,2,0,0,0,15,0,0,60,0,1,1,0,0,0,0,FALSE,FALSE,FALSE,FALSE,FALSE,FALSE,FALSE,FALSE,FALSE,NA,"TOWN OF LAND O LAKES","VILAS","Big Portage Lake",1629500
"129","12-1774",30,FALSE,FALSE,0,50,30,0,20,1,2,0,0,0,0,2,2,0,0,50,0,0,0,75,0,1,1,0,0,0,0,TRUE,FALSE,FALSE,TRUE,FALSE,FALSE,FALSE,FALSE,FALSE,NA,"TOWN OF LAND O LAKES","VILAS","Big Portage Lake",1629500
"130","12-1773",20,FALSE,FALSE,0,50,40,0,10,1,2,0,0,0,0,2,2,0,0,80,0,0,0,0,0,1,1,0,0,0,0,FALSE,FALSE,FALSE,FALSE,FALSE,FALSE,FALSE,FALSE,FALSE,NA,"TOWN OF LAND O LAKES","VILAS","Big Portage Lake",1629500
"131","12-1772",100,FALSE,FALSE,0,0,0,0,100,0,0,0,1,0,0,0,0,0,0,0,0,0,0,0,0,0,0,0,0,0,0,FALSE,FALSE,FALSE,FALSE,FALSE,FALSE,FALSE,FALSE,FALSE,NA,"TOWN OF LAND O LAKES","VILAS","Big Portage Lake",1629500
"132","12-1771",90,FALSE,TRUE,10,20,10,0,60,1,2,0,1,0,0,2,2,0,0,0,0,0,0,0,0,2,2,1,0,0,0,FALSE,FALSE,FALSE,FALSE,FALSE,FALSE,FALSE,FALSE,FALSE,NA,"TOWN OF LAND O LAKES","VILAS","Big Portage Lake",1629500
"133","12-1770",100,FALSE,FALSE,0,0,0,0,100,0,0,0,1,0,0,0,0,0,0,0,0,0,0,0,0,0,0,0,0,0,0,FALSE,FALSE,FALSE,FALSE,FALSE,FALSE,FALSE,FALSE,FALSE,NA,"TOWN OF LAND O LAKES","VILAS","Big Portage Lake",1629500
"134","12-1769",30,FALSE,FALSE,0,0,50,0,50,1,5,0,3,0,0,2,2,2,0,150,0,0,0,0,0,1,2,1,1,0,0,FALSE,FALSE,FALSE,FALSE,FALSE,FALSE,FALSE,FALSE,FALSE,NA,"TOWN OF LAND O LAKES","VILAS","Big Portage Lake",1629500
"135","12-1768",100,FALSE,FALSE,10,10,80,0,0,0,1,0,0,0,0,2,0,2,0,100,0,0,0,0,0,1,0,0,0,0,0,FALSE,FALSE,FALSE,FALSE,FALSE,FALSE,FALSE,FALSE,FALSE,NA,"TOWN OF LAND O LAKES","VILAS","Big Portage Lake",1629500
"136","12-1767",10,FALSE,TRUE,10,10,80,0,0,1,2,0,0,0,0,2,0,2,0,100,0,0,0,0,0,1,0,0,0,0,0,TRUE,FALSE,FALSE,TRUE,FALSE,FALSE,FALSE,FALSE,FALSE,NA,"TOWN OF LAND O LAKES","VILAS","Big Portage Lake",1629500
"137","12-1766",10,FALSE,TRUE,10,0,90,0,0,0,2,0,1,0,0,2,0,0,0,100,0,0,0,100,0,1,0,0,0,0,0,FALSE,FALSE,FALSE,FALSE,FALSE,FALSE,FALSE,FALSE,FALSE,NA,"TOWN OF LAND O LAKES","VILAS","Big Portage Lake",1629500
"138","12-1765",30,FALSE,TRUE,20,40,40,0,0,1,1,0,1,0,0,2,2,0,0,0,0,0,0,0,0,2,1,0,0,0,0,FALSE,FALSE,FALSE,FALSE,FALSE,FALSE,FALSE,FALSE,FALSE,NA,"TOWN OF LAND O LAKES","VILAS","Big Portage Lake",1629500
"139","12-1763",100,FALSE,FALSE,0,0,0,0,100,0,0,0,0,0,0,0,0,0,0,0,0,0,0,0,0,0,0,0,0,0,0,FALSE,FALSE,FALSE,FALSE,FALSE,FALSE,FALSE,FALSE,FALSE,NA,"TOWN OF LAND O LAKES","VILAS","Big Portage Lake",1629500
"140","12-1762",100,TRUE,TRUE,30,0,20,0,50,0,0,0,0,0,0,2,0,2,0,0,0,0,0,0,0,1,1,0,0,0,0,TRUE,FALSE,FALSE,TRUE,FALSE,FALSE,FALSE,FALSE,FALSE,NA,"TOWN OF LAND O LAKES","VILAS","Big Portage Lake",1629500
"141","12-1761",20,FALSE,TRUE,10,0,80,0,10,1,2,1,6,0,0,2,0,0,0,0,0,0,0,0,0,1,0,0,0,0,0,TRUE,FALSE,FALSE,TRUE,FALSE,FALSE,FALSE,FALSE,FALSE,NA,"TOWN OF LAND O LAKES","VILAS","Big Portage Lake",1629500
"142","12-1760",100,FALSE,FALSE,0,0,0,0,100,0,0,0,0,0,0,0,0,0,0,0,0,0,0,0,0,0,0,0,0,0,0,FALSE,FALSE,FALSE,FALSE,FALSE,FALSE,FALSE,FALSE,FALSE,NA,"TOWN OF LAND O LAKES","VILAS","Big Portage Lake",1629500
"143","12-1759",50,FALSE,TRUE,20,0,80,0,0,0,1,1,3,0,0,0,0,2,0,100,0,0,0,75,0,0,0,0,0,0,0,TRUE,FALSE,FALSE,TRUE,FALSE,FALSE,FALSE,FALSE,FALSE,NA,"TOWN OF LAND O LAKES","VILAS","Big Portage Lake",1629500
"144","12-1758",60,FALSE,TRUE,20,10,40,0,30,0,4,1,11,0,0,0,0,2,0,0,100,0,0,0,0,1,1,0,0,0,0,TRUE,FALSE,FALSE,TRUE,FALSE,FALSE,FALSE,FALSE,FALSE,NA,"TOWN OF LAND O LAKES","VILAS","Big Portage Lake",1629500
"145","12-1757",100,FALSE,FALSE,0,0,0,0,100,0,0,0,0,0,0,0,0,0,0,0,0,0,0,0,0,0,0,0,0,0,0,FALSE,FALSE,FALSE,FALSE,FALSE,FALSE,FALSE,FALSE,FALSE,NA,"TOWN OF LAND O LAKES","VILAS","Big Portage Lake",1629500
"146","12-1756",100,FALSE,FALSE,0,0,0,0,100,0,0,0,0,0,0,0,0,0,0,0,0,0,0,0,0,0,0,0,0,0,0,FALSE,FALSE,FALSE,FALSE,FALSE,FALSE,FALSE,FALSE,FALSE,NA,"TOWN OF LAND O LAKES","VILAS","Big Portage Lake",1629500
"147","12-1754",5,TRUE,TRUE,100,0,0,0,0,0,0,0,1,0,0,0,0,0,0,0,0,0,0,0,0,0,0,0,0,0,0,TRUE,TRUE,FALSE,TRUE,FALSE,FALSE,FALSE,FALSE,FALSE,NA,"TOWN OF LAND O LAKES","VILAS","Big Portage Lake",1629500
"148","22-612-02",100,TRUE,TRUE,90,0,0,0,10,0,0,0,1,0,0,0,0,0,0,0,0,0,0,0,0,0,0,0,0,0,1,TRUE,TRUE,FALSE,TRUE,FALSE,FALSE,FALSE,FALSE,FALSE,NA,"TOWN OF PRESQUE ISLE","VILAS","Papoose Lake",2328700
"149","22-634-15",100,TRUE,TRUE,90,0,0,0,10,0,0,0,0,0,0,2,0,0,0,0,0,0,0,0,0,0,0,0,0,0,0,TRUE,TRUE,FALSE,TRUE,FALSE,FALSE,FALSE,FALSE,FALSE,"All natural but small narrow trail","TOWN OF PRESQUE ISLE","VILAS","Papoose Lake",2328700
"150","22-634-16",100,TRUE,TRUE,70,5,5,0,20,0,1,0,1,0,0,2,2,0,0,0,0,0,0,0,0,1,2,0,0,0,0,FALSE,FALSE,FALSE,FALSE,FALSE,FALSE,FALSE,FALSE,FALSE,NA,"TOWN OF PRESQUE ISLE","VILAS","Papoose Lake",2328700
"151","28-756",100,TRUE,TRUE,90,0,0,0,10,0,0,0,0,0,0,0,0,0,0,0,0,0,0,0,0,0,0,0,0,0,0,FALSE,FALSE,FALSE,FALSE,FALSE,FALSE,FALSE,FALSE,FALSE,NA,"TOWN OF WINCHESTER","VILAS","Papoose Lake",2328700
"152","28-757",90,TRUE,TRUE,55,5,10,0,30,0,0,0,3,0,0,2,2,0,0,0,0,0,0,0,0,1,1,1,0,0,0,FALSE,FALSE,FALSE,FALSE,FALSE,FALSE,FALSE,FALSE,FALSE,NA,"TOWN OF WINCHESTER","VILAS","Papoose Lake",2328700
"153","28-757",90,TRUE,TRUE,55,5,10,0,30,0,0,0,3,0,0,2,2,0,0,0,0,0,0,0,0,1,1,1,0,0,0,FALSE,FALSE,FALSE,FALSE,FALSE,FALSE,FALSE,FALSE,FALSE,NA,"TOWN OF WINCHESTER","VILAS","Papoose Lake",2328700
"154","28-758-02",100,TRUE,TRUE,95,0,0,0,5,0,0,0,0,0,0,0,0,0,0,0,0,0,0,0,0,0,0,0,0,0,0,FALSE,FALSE,FALSE,FALSE,FALSE,FALSE,FALSE,FALSE,FALSE,NA,"TOWN OF WINCHESTER","VILAS","Papoose Lake",2328700
"155","28-758-01",90,TRUE,TRUE,60,10,10,0,20,1,0,0,0,0,0,2,2,0,0,0,5,0,0,0,0,1,1,0,0,0,0,FALSE,FALSE,FALSE,FALSE,FALSE,FALSE,FALSE,FALSE,FALSE,NA,"TOWN OF WINCHESTER","VILAS","Papoose Lake",2328700
"156","28-767",95,TRUE,TRUE,60,20,10,0,10,0,1,0,2,0,0,2,2,0,0,0,0,0,0,0,0,1,1,0,0,0,0,FALSE,FALSE,FALSE,FALSE,FALSE,FALSE,FALSE,FALSE,FALSE,NA,"TOWN OF WINCHESTER","VILAS","Papoose Lake",2328700
"157","28-772",95,TRUE,TRUE,70,5,0,0,25,0,2,0,2,0,0,2,0,0,0,0,0,0,0,0,0,1,1,0,0,0,0,FALSE,FALSE,FALSE,FALSE,FALSE,FALSE,FALSE,FALSE,FALSE,NA,"TOWN OF WINCHESTER","VILAS","Papoose Lake",2328700
"158","28-768",75,TRUE,TRUE,70,10,0,0,20,0,2,0,1,0,0,2,0,0,0,0,0,0,0,0,15,0,0,0,0,0,0,FALSE,FALSE,FALSE,FALSE,FALSE,FALSE,FALSE,FALSE,FALSE,NA,"TOWN OF WINCHESTER","VILAS","Papoose Lake",2328700
"159","28-769",70,TRUE,TRUE,50,10,10,0,30,0,0,0,4,0,0,2,2,0,0,0,100,0,0,0,0,2,0,0,0,0,1,FALSE,FALSE,FALSE,FALSE,FALSE,FALSE,FALSE,FALSE,FALSE,NA,"TOWN OF WINCHESTER","VILAS","Papoose Lake",2328700
"160","28-774",100,TRUE,TRUE,80,0,0,0,20,0,0,0,0,0,0,0,0,0,0,0,0,0,0,0,0,0,0,0,0,0,0,FALSE,FALSE,FALSE,FALSE,FALSE,FALSE,FALSE,FALSE,FALSE,NA,"TOWN OF WINCHESTER","VILAS","Papoose Lake",2328700
"161","28-776-05",100,TRUE,TRUE,70,0,0,0,30,0,0,0,0,0,0,0,0,0,0,0,0,0,0,0,0,0,0,0,0,0,0,FALSE,FALSE,FALSE,FALSE,FALSE,FALSE,FALSE,FALSE,FALSE,NA,"TOWN OF WINCHESTER","VILAS","Papoose Lake",2328700
"162","28-763",100,TRUE,TRUE,60,0,5,0,35,1,1,0,3,0,0,2,0,0,0,0,0,0,0,0,0,2,0,1,0,0,0,FALSE,FALSE,FALSE,FALSE,FALSE,FALSE,FALSE,FALSE,FALSE,NA,"TOWN OF WINCHESTER","VILAS","Papoose Lake",2328700
"163","28-762",95,TRUE,TRUE,80,5,0,0,15,0,1,0,0,0,0,2,0,0,0,0,0,0,0,0,0,0,0,1,0,0,0,FALSE,FALSE,FALSE,FALSE,FALSE,FALSE,FALSE,FALSE,FALSE,NA,"TOWN OF WINCHESTER","VILAS","Papoose Lake",2328700
"164","28-776-02",100,TRUE,TRUE,55,5,0,0,40,0,2,0,4,0,0,2,0,0,0,0,0,0,0,0,0,2,0,0,0,0,0,FALSE,FALSE,FALSE,FALSE,FALSE,FALSE,FALSE,FALSE,FALSE,NA,"TOWN OF WINCHESTER","VILAS","Papoose Lake",2328700
"165","28-776",100,TRUE,TRUE,40,5,0,0,55,0,0,0,0,0,0,2,0,0,0,0,0,0,0,0,0,1,1,0,0,0,0,FALSE,FALSE,FALSE,FALSE,FALSE,FALSE,FALSE,FALSE,FALSE,NA,"TOWN OF WINCHESTER","VILAS","Papoose Lake",2328700
"166","28-773",100,TRUE,TRUE,90,0,0,0,10,1,1,0,1,0,0,2,0,0,0,0,0,0,0,0,3,1,0,0,0,0,0,FALSE,FALSE,FALSE,FALSE,FALSE,FALSE,FALSE,FALSE,FALSE,NA,"TOWN OF WINCHESTER","VILAS","Papoose Lake",2328700
"167","28-766",60,TRUE,TRUE,10,0,60,0,30,0,4,0,4,0,0,0,2,0,0,0,157,0,0,0,0,2,1,0,0,0,1,TRUE,FALSE,FALSE,TRUE,FALSE,FALSE,FALSE,FALSE,FALSE,NA,"TOWN OF WINCHESTER","VILAS","Papoose Lake",2328700
"168","28-776-03",80,TRUE,TRUE,50,0,30,0,20,0,0,0,1,0,0,2,2,0,0,0,0,0,0,0,0,1,1,0,0,0,0,FALSE,FALSE,FALSE,FALSE,FALSE,FALSE,FALSE,FALSE,FALSE,NA,"TOWN OF WINCHESTER","VILAS","Papoose Lake",2328700
"169","28-776-04",100,TRUE,TRUE,60,0,0,0,40,0,0,0,2,0,0,0,0,0,0,0,0,0,0,0,0,0,0,0,0,0,0,FALSE,FALSE,FALSE,FALSE,FALSE,FALSE,FALSE,FALSE,FALSE,NA,"TOWN OF WINCHESTER","VILAS","Papoose Lake",2328700
"170","28-776-06",95,TRUE,TRUE,35,0,5,0,60,0,1,0,0,0,0,2,0,0,0,0,0,0,0,0,0,1,0,0,0,0,1,FALSE,FALSE,FALSE,FALSE,FALSE,FALSE,FALSE,FALSE,FALSE,NA,"TOWN OF WINCHESTER","VILAS","Papoose Lake",2328700
"171","28-2",90,TRUE,TRUE,45,0,5,0,50,0,0,0,0,0,0,1,2,0,0,0,0,0,0,0,0,1,0,0,0,0,0,FALSE,FALSE,FALSE,FALSE,FALSE,FALSE,FALSE,FALSE,FALSE,NA,"TOWN OF WINCHESTER","VILAS","Papoose Lake",2328700
"172","28-4-01",60,TRUE,TRUE,25,5,0,0,70,0,0,1,1,0,0,2,0,0,0,0,0,0,0,0,0,1,0,1,0,0,0,FALSE,FALSE,FALSE,FALSE,FALSE,FALSE,FALSE,FALSE,FALSE,NA,"TOWN OF WINCHESTER","VILAS","Papoose Lake",2328700
"173","28-4",20,TRUE,TRUE,25,5,40,0,30,0,7,0,2,0,0,2,2,0,0,0,0,0,0,0,0,1,0,1,0,0,0,FALSE,FALSE,FALSE,FALSE,FALSE,FALSE,FALSE,FALSE,FALSE,NA,"TOWN OF WINCHESTER","VILAS","Papoose Lake",2328700
"174","28-6",95,TRUE,TRUE,5,0,0,0,95,0,0,0,0,0,0,0,0,0,0,0,0,0,0,0,0,0,0,0,0,0,0,FALSE,FALSE,FALSE,FALSE,FALSE,FALSE,FALSE,FALSE,FALSE,NA,"TOWN OF WINCHESTER","VILAS","Papoose Lake",2328700
"175","28-3",30,TRUE,TRUE,20,10,60,0,10,0,2,0,0,0,0,0,0,0,0,0,0,0,0,0,5,1,0,1,1,0,0,FALSE,FALSE,FALSE,FALSE,FALSE,FALSE,FALSE,FALSE,FALSE,NA,"TOWN OF WINCHESTER","VILAS","Papoose Lake",2328700
"176","28-5",75,TRUE,TRUE,40,10,0,0,50,0,3,0,1,0,0,0,0,0,0,0,0,0,0,0,0,1,1,0,0,0,0,FALSE,FALSE,FALSE,FALSE,FALSE,FALSE,FALSE,FALSE,FALSE,NA,"TOWN OF WINCHESTER","VILAS","Papoose Lake",2328700
"177","28-7",60,TRUE,TRUE,20,25,15,0,40,1,1,0,1,0,0,2,2,0,0,0,0,0,0,0,0,1,0,0,0,0,0,FALSE,FALSE,FALSE,FALSE,FALSE,FALSE,FALSE,FALSE,FALSE,NA,"TOWN OF WINCHESTER","VILAS","Papoose Lake",2328700
"178","28-1",90,TRUE,TRUE,50,10,10,0,30,1,1,0,0,0,0,2,2,0,0,0,0,0,0,0,0,0,0,0,0,0,0,FALSE,FALSE,FALSE,FALSE,FALSE,FALSE,FALSE,FALSE,FALSE,NA,"TOWN OF WINCHESTER","VILAS","Papoose Lake",2328700
"179","28-771",80,TRUE,TRUE,40,10,20,0,30,0,0,1,1,0,0,2,2,0,0,0,0,0,0,0,0,1,1,1,0,0,0,FALSE,FALSE,FALSE,FALSE,FALSE,FALSE,FALSE,FALSE,FALSE,NA,"TOWN OF WINCHESTER","VILAS","Papoose Lake",2328700
"180","28-775",90,TRUE,TRUE,65,5,20,0,10,0,0,0,1,0,0,2,2,0,0,0,0,0,0,0,0,1,1,0,0,0,0,FALSE,FALSE,FALSE,FALSE,FALSE,FALSE,FALSE,FALSE,FALSE,NA,"TOWN OF WINCHESTER","VILAS","Papoose Lake",2328700
"181","28-765",90,TRUE,TRUE,70,5,5,0,20,1,6,0,0,0,0,0,2,0,0,0,0,0,0,0,0,5,0,0,0,0,0,FALSE,FALSE,FALSE,FALSE,FALSE,FALSE,FALSE,FALSE,FALSE,NA,"TOWN OF WINCHESTER","VILAS","Papoose Lake",2328700
"182","28-760",60,TRUE,TRUE,30,10,10,0,50,0,2,0,1,0,0,2,2,0,0,0,0,0,0,0,0,1,0,0,0,0,0,FALSE,FALSE,FALSE,FALSE,FALSE,FALSE,FALSE,FALSE,FALSE,NA,"TOWN OF WINCHESTER","VILAS","Papoose Lake",2328700
"183","28-759",75,TRUE,TRUE,50,10,20,0,20,0,1,0,0,0,0,2,2,0,0,0,0,0,0,0,0,1,0,0,0,0,1,FALSE,FALSE,FALSE,FALSE,FALSE,FALSE,FALSE,FALSE,FALSE,NA,"TOWN OF WINCHESTER","VILAS","Papoose Lake",2328700
"184","28-764",20,TRUE,TRUE,20,0,0,0,80,0,0,0,0,0,0,2,1,0,0,0,0,0,0,0,0,1,0,0,0,0,0,FALSE,FALSE,FALSE,FALSE,FALSE,FALSE,FALSE,FALSE,FALSE,NA,"TOWN OF WINCHESTER","VILAS","Papoose Lake",2328700
"185","28-767-01",60,TRUE,TRUE,60,0,40,0,0,0,0,0,1,0,0,2,2,0,0,0,0,0,0,0,0,1,0,0,0,0,0,FALSE,FALSE,FALSE,FALSE,FALSE,FALSE,FALSE,FALSE,FALSE,NA,"TOWN OF WINCHESTER","VILAS","Papoose Lake",2328700
"186","28-770",100,TRUE,TRUE,90,0,0,0,10,1,0,0,0,0,0,2,0,0,0,0,0,0,0,0,0,1,0,0,0,0,0,FALSE,FALSE,FALSE,FALSE,FALSE,FALSE,FALSE,FALSE,FALSE,NA,"TOWN OF WINCHESTER","VILAS","Papoose Lake",2328700
"187","28-787",75,TRUE,TRUE,20,15,60,0,5,1,2,1,0,0,0,2,2,0,0,0,0,0,0,0,0,2,0,1,0,0,1,FALSE,TRUE,FALSE,TRUE,FALSE,FALSE,FALSE,FALSE,FALSE,NA,"TOWN OF WINCHESTER","VILAS","Papoose Lake",2328700
"188","28-788-01",60,TRUE,TRUE,10,0,80,0,10,0,0,1,3,0,0,2,2,0,0,0,0,0,0,0,0,2,2,0,0,0,2,FALSE,FALSE,FALSE,FALSE,FALSE,FALSE,FALSE,FALSE,FALSE,NA,"TOWN OF WINCHESTER","VILAS","Papoose Lake",2328700
"189","28-788",95,TRUE,TRUE,60,0,10,0,30,0,0,0,1,0,0,2,2,0,0,0,0,0,0,0,0,2,1,1,0,0,0,FALSE,FALSE,FALSE,FALSE,FALSE,FALSE,FALSE,FALSE,FALSE,NA,"TOWN OF WINCHESTER","VILAS","Papoose Lake",2328700
"190","28-787-02",60,TRUE,TRUE,20,0,80,0,0,0,0,1,2,0,0,0,2,0,0,0,150,0,0,0,10,2,2,0,0,0,0,FALSE,FALSE,FALSE,FALSE,FALSE,FALSE,FALSE,FALSE,FALSE,NA,"TOWN OF WINCHESTER","VILAS","Papoose Lake",2328700
"191","28-824",75,TRUE,TRUE,70,20,0,0,10,0,0,0,1,0,0,0,0,0,0,0,30,0,0,0,0,0,0,0,0,0,1,TRUE,FALSE,FALSE,TRUE,FALSE,FALSE,FALSE,FALSE,FALSE,NA,"TOWN OF WINCHESTER","VILAS","Papoose Lake",2328700
"192","28-831",95,TRUE,TRUE,55,5,10,0,30,0,0,0,0,0,0,1,2,0,0,0,0,0,0,0,0,1,1,0,0,0,0,FALSE,FALSE,FALSE,FALSE,FALSE,FALSE,FALSE,FALSE,FALSE,NA,"TOWN OF WINCHESTER","VILAS","Papoose Lake",2328700
"193","28-821",60,TRUE,TRUE,70,10,20,0,0,2,2,1,2,0,0,2,2,0,0,0,0,0,0,0,0,1,0,0,0,0,0,FALSE,FALSE,FALSE,FALSE,FALSE,FALSE,FALSE,FALSE,FALSE,NA,"TOWN OF WINCHESTER","VILAS","Papoose Lake",2328700
"194","28-827",70,TRUE,TRUE,30,0,50,0,20,0,3,0,0,0,0,0,0,0,0,0,0,0,0,0,0,2,0,1,0,0,0,FALSE,FALSE,FALSE,FALSE,FALSE,FALSE,FALSE,FALSE,FALSE,NA,"TOWN OF WINCHESTER","VILAS","Papoose Lake",2328700
"195","28-826",60,TRUE,TRUE,60,0,40,0,0,0,4,0,1,0,0,2,2,0,0,0,0,0,0,0,0,1,0,1,0,0,0,FALSE,FALSE,FALSE,FALSE,FALSE,FALSE,FALSE,FALSE,FALSE,NA,"TOWN OF WINCHESTER","VILAS","Papoose Lake",2328700
"196","28-825",70,TRUE,TRUE,40,20,0,0,40,1,2,0,0,0,0,0,0,0,0,0,0,0,0,0,0,2,0,0,0,0,0,FALSE,FALSE,FALSE,FALSE,FALSE,FALSE,FALSE,FALSE,FALSE,NA,"TOWN OF WINCHESTER","VILAS","Papoose Lake",2328700
"197","28-828",35,TRUE,TRUE,20,0,80,0,0,0,3,1,0,0,0,0,0,0,0,0,0,0,0,0,0,1,0,0,0,0,0,FALSE,FALSE,FALSE,FALSE,FALSE,FALSE,FALSE,FALSE,FALSE,NA,"TOWN OF WINCHESTER","VILAS","Papoose Lake",2328700
"198","28-883",100,TRUE,TRUE,100,0,0,0,0,0,0,0,0,0,0,0,0,0,0,0,0,0,0,0,0,0,0,0,0,0,0,FALSE,FALSE,FALSE,FALSE,FALSE,FALSE,FALSE,FALSE,FALSE,NA,"TOWN OF WINCHESTER","VILAS","Papoose Lake",2328700
"199","28-884",95,TRUE,TRUE,95,5,0,0,0,0,2,0,0,0,0,2,0,0,0,0,0,0,0,0,0,1,0,0,0,0,0,FALSE,FALSE,FALSE,FALSE,FALSE,FALSE,FALSE,FALSE,FALSE,NA,"TOWN OF WINCHESTER","VILAS","Papoose Lake",2328700
"200","28-882",100,TRUE,TRUE,100,0,0,0,0,0,0,0,0,0,0,0,0,0,0,0,0,0,0,0,0,0,0,0,0,0,1,FALSE,FALSE,FALSE,FALSE,FALSE,FALSE,FALSE,FALSE,FALSE,NA,"TOWN OF WINCHESTER","VILAS","Papoose Lake",2328700
"201","28-881",100,TRUE,TRUE,100,0,0,0,0,0,0,0,1,0,0,0,0,0,0,0,0,0,0,0,0,0,0,0,0,0,0,FALSE,FALSE,FALSE,FALSE,FALSE,FALSE,FALSE,FALSE,FALSE,NA,"TOWN OF WINCHESTER","VILAS","Papoose Lake",2328700
"202","28-880",5,FALSE,FALSE,0,15,70,0,15,1,2,1,1,0,0,0,0,0,0,0,0,0,0,0,0,1,0,1,0,0,0,FALSE,FALSE,FALSE,FALSE,FALSE,FALSE,FALSE,FALSE,FALSE,NA,"TOWN OF WINCHESTER","VILAS","Papoose Lake",2328700
"203","28-878",60,TRUE,TRUE,5,0,80,0,15,1,1,1,0,0,0,2,2,0,0,0,0,0,0,0,10,1,0,0,0,0,1,FALSE,FALSE,FALSE,FALSE,FALSE,FALSE,FALSE,FALSE,FALSE,NA,"TOWN OF WINCHESTER","VILAS","Papoose Lake",2328700
"204","28-877",90,TRUE,TRUE,55,5,10,0,30,1,1,0,0,0,0,2,2,0,0,0,0,0,0,0,0,1,0,0,0,0,1,FALSE,FALSE,FALSE,FALSE,FALSE,FALSE,FALSE,FALSE,FALSE,NA,"TOWN OF WINCHESTER","VILAS","Papoose Lake",2328700
"205","28-876",60,TRUE,TRUE,35,5,40,0,20,0,1,1,0,0,0,2,2,0,0,0,0,0,0,0,0,1,1,0,0,0,0,FALSE,FALSE,FALSE,FALSE,FALSE,FALSE,FALSE,FALSE,FALSE,NA,"TOWN OF WINCHESTER","VILAS","Papoose Lake",2328700
"206","28-874",70,TRUE,TRUE,30,0,50,0,20,0,2,0,0,0,0,0,2,0,0,0,100,0,0,0,0,1,0,0,0,0,0,FALSE,FALSE,FALSE,FALSE,FALSE,FALSE,FALSE,FALSE,FALSE,NA,"TOWN OF WINCHESTER","VILAS","Papoose Lake",2328700
"207","28-875",90,TRUE,TRUE,80,0,10,0,10,0,6,0,1,0,0,2,0,0,0,0,0,0,0,0,0,1,1,1,0,0,0,FALSE,FALSE,FALSE,FALSE,FALSE,FALSE,FALSE,FALSE,FALSE,NA,"TOWN OF WINCHESTER","VILAS","Papoose Lake",2328700
"208","28-873",100,TRUE,TRUE,100,0,0,0,0,0,0,0,1,0,0,0,0,0,0,0,0,0,0,0,0,0,0,0,0,0,0,FALSE,FALSE,FALSE,FALSE,FALSE,FALSE,FALSE,FALSE,FALSE,NA,"TOWN OF WINCHESTER","VILAS","Papoose Lake",2328700
"209","28-872",70,TRUE,TRUE,60,0,10,0,30,0,0,0,1,0,0,0,0,0,0,0,0,0,0,0,0,2,1,0,0,0,0,FALSE,FALSE,FALSE,FALSE,FALSE,FALSE,FALSE,FALSE,FALSE,NA,"TOWN OF WINCHESTER","VILAS","Papoose Lake",2328700
"210","28-871",100,TRUE,TRUE,100,0,0,0,0,0,0,0,0,0,0,0,0,0,0,0,0,0,0,0,0,0,0,0,0,0,0,FALSE,FALSE,FALSE,FALSE,FALSE,FALSE,FALSE,FALSE,FALSE,NA,"TOWN OF WINCHESTER","VILAS","Papoose Lake",2328700
"211","28-870",90,TRUE,TRUE,70,0,0,0,30,0,1,1,0,0,0,2,0,0,0,0,0,0,0,0,0,0,0,0,0,0,0,TRUE,FALSE,FALSE,TRUE,FALSE,FALSE,FALSE,FALSE,FALSE,NA,"TOWN OF WINCHESTER","VILAS","Papoose Lake",2328700
"212","28-869",15,TRUE,TRUE,10,20,70,0,0,2,1,1,0,0,0,2,2,0,0,0,20,0,0,0,0,1,0,0,0,0,0,FALSE,FALSE,FALSE,FALSE,FALSE,FALSE,FALSE,FALSE,FALSE,NA,"TOWN OF WINCHESTER","VILAS","Papoose Lake",2328700
"213","28-868",40,TRUE,TRUE,50,10,30,0,10,1,4,0,0,0,0,2,0,0,0,0,0,0,0,0,0,0,0,0,0,0,0,FALSE,FALSE,FALSE,FALSE,FALSE,FALSE,FALSE,FALSE,FALSE,NA,"TOWN OF WINCHESTER","VILAS","Papoose Lake",2328700
"214","28-867",30,TRUE,TRUE,30,15,50,0,5,0,3,0,2,0,0,2,0,0,0,0,0,0,0,0,0,1,0,1,0,0,1,FALSE,FALSE,FALSE,FALSE,FALSE,FALSE,FALSE,FALSE,FALSE,NA,"TOWN OF WINCHESTER","VILAS","Papoose Lake",2328700
"215","28-866",80,TRUE,TRUE,50,0,30,0,20,0,3,0,0,0,0,2,2,0,0,0,0,0,0,0,0,1,1,0,0,0,0,FALSE,FALSE,FALSE,FALSE,FALSE,FALSE,FALSE,FALSE,FALSE,NA,"TOWN OF WINCHESTER","VILAS","Papoose Lake",2328700
"216","28-865",50,TRUE,TRUE,40,0,50,0,10,1,3,0,0,0,0,1,2,0,0,0,0,0,0,0,0,1,1,1,0,0,0,FALSE,FALSE,FALSE,FALSE,FALSE,FALSE,FALSE,FALSE,FALSE,NA,"TOWN OF WINCHESTER","VILAS","Papoose Lake",2328700
"217","28-885-10",10,TRUE,TRUE,10,10,80,0,0,1,4,0,0,0,0,1,2,0,0,0,40,0,0,0,0,2,0,0,0,0,1,FALSE,FALSE,FALSE,FALSE,FALSE,FALSE,FALSE,FALSE,FALSE,NA,"TOWN OF WINCHESTER","VILAS","Papoose Lake",2328700
"218","28-885-10",10,TRUE,TRUE,10,10,80,0,0,1,4,0,0,0,0,1,2,0,0,0,40,0,0,0,0,2,0,0,0,0,1,FALSE,FALSE,FALSE,FALSE,FALSE,FALSE,FALSE,FALSE,FALSE,NA,"TOWN OF WINCHESTER","VILAS","Papoose Lake",2328700
"219","28-885-10",10,TRUE,TRUE,10,10,80,0,0,1,4,0,0,0,0,1,2,0,0,0,40,0,0,0,0,2,0,0,0,0,1,FALSE,FALSE,FALSE,FALSE,FALSE,FALSE,FALSE,FALSE,FALSE,NA,"TOWN OF WINCHESTER","VILAS","Papoose Lake",2328700
"220","28-885-10",10,TRUE,TRUE,10,10,80,0,0,1,4,0,0,0,0,1,2,0,0,0,40,0,0,0,0,2,0,0,0,0,1,FALSE,FALSE,FALSE,FALSE,FALSE,FALSE,FALSE,FALSE,FALSE,NA,"TOWN OF WINCHESTER","VILAS","Papoose Lake",2328700
"221","28-885-10",10,TRUE,TRUE,10,10,80,0,0,1,4,0,0,0,0,1,2,0,0,0,40,0,0,0,0,2,0,0,0,0,1,FALSE,FALSE,FALSE,FALSE,FALSE,FALSE,FALSE,FALSE,FALSE,NA,"TOWN OF WINCHESTER","VILAS","Papoose Lake",2328700
"222","28-885-10",10,TRUE,TRUE,10,10,80,0,0,1,4,0,0,0,0,1,2,0,0,0,40,0,0,0,0,2,0,0,0,0,1,FALSE,FALSE,FALSE,FALSE,FALSE,FALSE,FALSE,FALSE,FALSE,NA,"TOWN OF WINCHESTER","VILAS","Papoose Lake",2328700
"223","28-885-10",10,TRUE,TRUE,10,10,80,0,0,1,4,0,0,0,0,1,2,0,0,0,40,0,0,0,0,2,0,0,0,0,1,FALSE,FALSE,FALSE,FALSE,FALSE,FALSE,FALSE,FALSE,FALSE,NA,"TOWN OF WINCHESTER","VILAS","Papoose Lake",2328700
"224","28-863",70,TRUE,TRUE,70,0,0,0,30,0,1,0,0,0,0,2,0,0,0,0,0,0,0,0,0,0,0,0,0,0,1,FALSE,FALSE,FALSE,FALSE,FALSE,FALSE,FALSE,FALSE,FALSE,NA,"TOWN OF WINCHESTER","VILAS","Papoose Lake",2328700
"225","28-862",10,TRUE,TRUE,10,0,90,0,0,0,3,1,0,0,0,0,2,0,0,0,0,0,0,0,0,1,0,0,0,0,0,FALSE,FALSE,FALSE,FALSE,FALSE,FALSE,FALSE,FALSE,FALSE,NA,"TOWN OF WINCHESTER","VILAS","Papoose Lake",2328700
"226","28-861",70,TRUE,TRUE,70,0,20,0,10,0,0,0,1,0,0,0,0,0,0,0,40,0,0,0,0,1,1,0,0,0,0,FALSE,FALSE,FALSE,FALSE,FALSE,FALSE,FALSE,FALSE,FALSE,NA,"TOWN OF WINCHESTER","VILAS","Papoose Lake",2328700
"227","28-860-02",70,TRUE,TRUE,50,10,0,0,40,0,0,0,0,0,0,2,0,0,0,0,0,0,0,0,0,1,0,1,1,0,0,FALSE,FALSE,FALSE,FALSE,FALSE,FALSE,FALSE,FALSE,FALSE,NA,"TOWN OF WINCHESTER","VILAS","Papoose Lake",2328700
"228","28-860-01",60,TRUE,TRUE,50,0,40,0,10,1,0,0,0,0,0,0,0,0,0,0,0,0,0,0,0,1,0,0,0,0,1,FALSE,FALSE,FALSE,FALSE,FALSE,FALSE,FALSE,FALSE,FALSE,NA,"TOWN OF WINCHESTER","VILAS","Papoose Lake",2328700
"229","28-860",50,TRUE,TRUE,30,0,60,0,10,0,0,0,0,0,0,2,0,0,0,0,4,0,0,0,50,1,0,0,0,0,0,FALSE,FALSE,FALSE,FALSE,FALSE,FALSE,FALSE,FALSE,FALSE,NA,"TOWN OF WINCHESTER","VILAS","Papoose Lake",2328700
"230","28-858",95,TRUE,TRUE,95,0,0,0,5,0,0,0,0,0,0,2,0,0,2,0,0,0,0,0,0,1,0,0,0,0,0,FALSE,FALSE,FALSE,FALSE,FALSE,FALSE,FALSE,FALSE,FALSE,NA,"TOWN OF WINCHESTER","VILAS","Papoose Lake",2328700
"231","28-833-03",85,TRUE,TRUE,85,5,10,0,0,0,0,0,0,0,0,2,2,0,0,0,0,0,0,0,0,1,0,1,0,0,0,FALSE,FALSE,FALSE,FALSE,FALSE,FALSE,FALSE,FALSE,FALSE,NA,"TOWN OF WINCHESTER","VILAS","Papoose Lake",2328700
"232","28-833-05",80,TRUE,TRUE,60,0,30,0,10,0,0,0,2,0,0,2,2,0,0,0,0,0,0,0,0,1,0,0,0,0,0,FALSE,FALSE,FALSE,FALSE,FALSE,FALSE,FALSE,FALSE,FALSE,NA,"TOWN OF WINCHESTER","VILAS","Papoose Lake",2328700
"233","28-833",90,TRUE,TRUE,65,10,5,0,20,0,3,0,0,0,0,2,0,0,0,0,0,0,0,0,0,2,0,1,0,0,0,FALSE,FALSE,FALSE,FALSE,FALSE,FALSE,FALSE,FALSE,FALSE,NA,"TOWN OF WINCHESTER","VILAS","Papoose Lake",2328700
"234","28-833-01",90,TRUE,TRUE,100,0,0,0,0,0,0,0,0,0,0,0,0,0,0,0,0,0,0,0,0,0,0,0,0,0,0,TRUE,FALSE,FALSE,TRUE,FALSE,FALSE,FALSE,FALSE,FALSE,NA,"TOWN OF WINCHESTER","VILAS","Papoose Lake",2328700
"235","28-833-04",60,TRUE,TRUE,60,20,15,0,5,0,1,0,0,0,2,2,2,0,0,0,15,0,0,0,0,1,0,0,0,0,0,TRUE,FALSE,FALSE,TRUE,FALSE,FALSE,FALSE,FALSE,FALSE,NA,"TOWN OF WINCHESTER","VILAS","Papoose Lake",2328700
"236","28-837",100,TRUE,TRUE,60,0,0,0,40,0,0,0,1,0,0,0,0,0,0,0,0,0,0,0,0,0,0,0,0,0,0,FALSE,FALSE,FALSE,FALSE,FALSE,FALSE,FALSE,FALSE,FALSE,NA,"TOWN OF WINCHESTER","VILAS","Papoose Lake",2328700
"237","28-844",85,TRUE,TRUE,20,10,40,0,20,0,2,0,0,0,0,2,2,0,0,0,0,0,0,0,0,1,0,1,0,0,0,FALSE,FALSE,FALSE,FALSE,FALSE,FALSE,FALSE,FALSE,FALSE,NA,"TOWN OF WINCHESTER","VILAS","Papoose Lake",2328700
"238","28-842",90,TRUE,TRUE,65,5,30,0,0,0,1,1,0,0,0,2,2,0,0,0,0,0,0,0,0,1,1,0,0,0,0,FALSE,FALSE,FALSE,FALSE,FALSE,FALSE,FALSE,FALSE,FALSE,NA,"TOWN OF WINCHESTER","VILAS","Papoose Lake",2328700
"239","28-836",90,TRUE,TRUE,80,0,0,0,20,0,0,0,0,0,0,2,0,0,2,0,0,0,0,0,0,1,0,0,0,0,0,FALSE,FALSE,FALSE,FALSE,FALSE,FALSE,FALSE,FALSE,FALSE,NA,"TOWN OF WINCHESTER","VILAS","Papoose Lake",2328700
"240","28-838",100,TRUE,TRUE,100,0,0,0,0,0,0,0,0,0,0,0,0,0,0,0,0,0,0,0,0,0,0,0,0,0,0,FALSE,FALSE,FALSE,FALSE,FALSE,FALSE,FALSE,FALSE,FALSE,NA,"TOWN OF WINCHESTER","VILAS","Papoose Lake",2328700
"241","28-841",70,TRUE,TRUE,15,0,75,0,10,0,0,0,0,0,0,0,0,0,0,0,0,0,0,0,0,0,0,0,0,0,0,FALSE,FALSE,FALSE,FALSE,FALSE,FALSE,FALSE,FALSE,FALSE,NA,"TOWN OF WINCHESTER","VILAS","Papoose Lake",2328700
"242","28-839",10,TRUE,TRUE,10,5,85,0,0,1,0,0,1,0,0,2,0,0,0,0,0,0,0,0,0,0,0,0,0,0,0,FALSE,FALSE,FALSE,FALSE,FALSE,FALSE,FALSE,FALSE,FALSE,NA,"TOWN OF WINCHESTER","VILAS","Papoose Lake",2328700
"243","28-840",90,TRUE,TRUE,80,0,0,0,20,0,1,0,0,0,0,2,0,0,0,0,0,0,0,0,0,2,1,0,0,0,0,FALSE,FALSE,FALSE,FALSE,FALSE,FALSE,FALSE,FALSE,FALSE,NA,"TOWN OF WINCHESTER","VILAS","Papoose Lake",2328700
"244","28-843",100,TRUE,TRUE,95,0,0,0,5,0,1,0,0,0,0,2,0,0,0,0,0,0,0,0,0,1,0,0,0,0,0,TRUE,FALSE,FALSE,TRUE,FALSE,FALSE,FALSE,FALSE,FALSE,NA,"TOWN OF WINCHESTER","VILAS","Papoose Lake",2328700
"245","28-835",90,TRUE,TRUE,90,0,0,0,10,0,0,0,0,0,0,2,0,0,0,0,0,0,0,0,0,1,0,0,0,0,0,FALSE,FALSE,FALSE,FALSE,FALSE,FALSE,FALSE,FALSE,FALSE,NA,"TOWN OF WINCHESTER","VILAS","Papoose Lake",2328700
"246","22-975",100,TRUE,TRUE,95,0,0,0,5,0,0,0,0,0,0,0,0,0,0,0,0,0,0,0,0,0,0,0,0,0,0,FALSE,FALSE,FALSE,FALSE,FALSE,FALSE,FALSE,FALSE,FALSE,"Boat landing","TOWN OF PRESQUE ISLE","VILAS","Papoose Lake",2328700
"247","22-952",100,TRUE,TRUE,90,0,0,0,10,0,0,0,0,0,0,0,0,0,0,0,0,0,0,0,0,0,0,0,0,0,0,FALSE,FALSE,FALSE,FALSE,FALSE,FALSE,FALSE,FALSE,FALSE,NA,"TOWN OF PRESQUE ISLE","VILAS","Papoose Lake",2328700
"248","22-947",70,TRUE,TRUE,60,0,20,0,20,0,0,0,0,0,0,2,2,0,0,0,15,0,0,0,15,1,1,0,0,0,0,FALSE,FALSE,FALSE,FALSE,FALSE,FALSE,FALSE,FALSE,FALSE,NA,"TOWN OF PRESQUE ISLE","VILAS","Papoose Lake",2328700
"249","22-948",100,TRUE,TRUE,75,5,0,0,20,0,2,0,0,0,0,2,0,0,0,0,100,0,0,0,0,1,1,1,0,0,0,FALSE,FALSE,FALSE,FALSE,FALSE,FALSE,FALSE,FALSE,FALSE,NA,"TOWN OF PRESQUE ISLE","VILAS","Papoose Lake",2328700
"250","22-946",95,TRUE,TRUE,75,5,0,0,20,0,0,0,0,0,0,2,0,0,0,0,20,0,0,0,0,1,1,0,0,0,0,FALSE,FALSE,FALSE,FALSE,FALSE,FALSE,FALSE,FALSE,FALSE,NA,"TOWN OF PRESQUE ISLE","VILAS","Papoose Lake",2328700
"251","22-945",90,TRUE,TRUE,70,10,0,0,20,0,0,0,0,0,0,2,0,2,0,0,20,0,0,0,0,2,2,1,0,0,0,FALSE,FALSE,FALSE,FALSE,FALSE,FALSE,FALSE,FALSE,FALSE,NA,"TOWN OF PRESQUE ISLE","VILAS","Papoose Lake",2328700
"252","22-960",95,TRUE,TRUE,55,5,20,0,20,1,0,0,0,0,0,0,2,0,0,0,0,0,0,0,15,0,1,0,0,0,0,FALSE,FALSE,FALSE,FALSE,FALSE,FALSE,FALSE,FALSE,FALSE,NA,"TOWN OF PRESQUE ISLE","VILAS","Papoose Lake",2328700
"253","22-962",100,TRUE,TRUE,85,5,0,0,10,0,1,0,0,0,0,2,0,0,0,0,0,0,0,0,0,2,0,1,0,0,0,FALSE,FALSE,FALSE,FALSE,FALSE,FALSE,FALSE,FALSE,FALSE,NA,"TOWN OF PRESQUE ISLE","VILAS","Papoose Lake",2328700
"254","22-961",95,TRUE,TRUE,80,5,0,0,15,0,0,0,3,0,0,2,0,0,0,0,70,0,0,0,0,0,0,0,0,0,0,FALSE,FALSE,FALSE,FALSE,FALSE,FALSE,FALSE,FALSE,FALSE,NA,"TOWN OF PRESQUE ISLE","VILAS","Papoose Lake",2328700
"255","22-951",95,TRUE,TRUE,90,0,0,0,10,0,1,0,0,0,0,2,0,0,0,0,0,0,0,0,0,1,0,0,0,0,0,FALSE,FALSE,FALSE,FALSE,FALSE,FALSE,FALSE,FALSE,FALSE,NA,"TOWN OF PRESQUE ISLE","VILAS","Papoose Lake",2328700
"256","22-943",100,TRUE,TRUE,90,0,0,0,10,0,0,0,0,0,0,2,0,0,0,0,0,0,0,0,0,1,0,0,0,0,0,FALSE,FALSE,FALSE,FALSE,FALSE,FALSE,FALSE,FALSE,FALSE,NA,"TOWN OF PRESQUE ISLE","VILAS","Papoose Lake",2328700
"257","22-944",90,TRUE,TRUE,75,5,0,0,20,0,1,0,0,0,0,2,2,0,0,0,30,0,0,0,0,1,0,1,0,0,0,FALSE,FALSE,FALSE,FALSE,FALSE,FALSE,FALSE,FALSE,FALSE,NA,"TOWN OF PRESQUE ISLE","VILAS","Papoose Lake",2328700
"258","22-978-01",90,TRUE,TRUE,5,5,0,0,90,0,0,0,0,0,0,2,0,0,0,0,0,0,0,0,10,0,1,0,0,0,0,FALSE,FALSE,FALSE,FALSE,FALSE,FALSE,FALSE,FALSE,FALSE,NA,"TOWN OF PRESQUE ISLE","VILAS","Papoose Lake",2328700
"259","22-625",95,TRUE,TRUE,60,0,0,0,40,1,1,0,1,0,0,2,0,0,0,0,0,0,0,10,5,1,1,0,0,0,0,FALSE,FALSE,FALSE,FALSE,FALSE,FALSE,FALSE,FALSE,FALSE,NA,"TOWN OF PRESQUE ISLE","VILAS","Papoose Lake",2328700
"260","22-626",95,TRUE,TRUE,75,5,0,0,20,0,3,0,0,0,0,2,1,0,0,0,0,0,0,0,0,1,0,0,0,0,0,FALSE,FALSE,FALSE,FALSE,FALSE,FALSE,FALSE,FALSE,FALSE,NA,"TOWN OF PRESQUE ISLE","VILAS","Papoose Lake",2328700
"261","22-630",100,TRUE,TRUE,80,0,0,0,20,0,1,0,0,0,0,2,0,0,0,0,0,0,0,0,0,1,0,0,0,0,1,FALSE,FALSE,FALSE,FALSE,FALSE,FALSE,FALSE,FALSE,FALSE,NA,"TOWN OF PRESQUE ISLE","VILAS","Papoose Lake",2328700
"262","22-621",95,TRUE,FALSE,55,5,0,0,40,0,0,0,2,0,0,2,0,0,0,0,0,0,0,0,0,1,1,0,0,0,0,FALSE,FALSE,FALSE,FALSE,FALSE,FALSE,FALSE,FALSE,FALSE,NA,"TOWN OF PRESQUE ISLE","VILAS","Papoose Lake",2328700
"263","22-624",95,TRUE,TRUE,60,15,0,0,25,1,1,0,0,0,0,2,0,0,0,0,0,0,0,0,3,1,1,1,0,0,0,FALSE,FALSE,FALSE,FALSE,FALSE,FALSE,FALSE,FALSE,FALSE,NA,"TOWN OF PRESQUE ISLE","VILAS","Papoose Lake",2328700
"264","22-623",100,TRUE,TRUE,65,5,0,0,30,1,1,0,0,0,0,2,0,0,0,0,0,0,0,0,3,1,0,0,0,0,1,FALSE,FALSE,FALSE,FALSE,FALSE,FALSE,FALSE,FALSE,FALSE,NA,"TOWN OF PRESQUE ISLE","VILAS","Papoose Lake",2328700
"265","22-622",95,TRUE,TRUE,70,5,0,0,25,0,1,0,2,0,0,2,0,0,0,10,20,0,0,0,0,1,1,0,0,0,0,FALSE,FALSE,FALSE,FALSE,FALSE,FALSE,FALSE,FALSE,FALSE,NA,"TOWN OF PRESQUE ISLE","VILAS","Papoose Lake",2328700
"266","22-636",70,TRUE,TRUE,65,5,20,0,10,1,0,0,0,0,0,2,0,0,0,0,0,0,0,0,0,1,1,0,0,0,0,FALSE,FALSE,FALSE,FALSE,FALSE,FALSE,FALSE,FALSE,FALSE,"Photo 5074.75","TOWN OF PRESQUE ISLE","VILAS","Papoose Lake",2328700
"267","22-637",95,TRUE,TRUE,40,10,0,0,50,0,0,0,2,0,0,0,0,0,0,0,132,0,0,0,0,1,0,0,0,0,0,FALSE,FALSE,FALSE,FALSE,FALSE,FALSE,FALSE,FALSE,FALSE,"Photo 4903","TOWN OF PRESQUE ISLE","VILAS","Papoose Lake",2328700
"268","22-638",15,TRUE,TRUE,10,0,80,0,10,0,0,1,1,0,0,0,0,0,0,0,25,0,0,0,0,1,1,0,0,0,0,FALSE,FALSE,FALSE,FALSE,FALSE,FALSE,FALSE,FALSE,FALSE,NA,"TOWN OF PRESQUE ISLE","VILAS","Papoose Lake",2328700
"269","22-639",75,TRUE,TRUE,40,0,50,0,10,0,1,1,1,0,0,2,2,0,0,0,0,0,0,0,25,1,1,0,0,0,0,FALSE,FALSE,FALSE,FALSE,FALSE,FALSE,FALSE,FALSE,FALSE,NA,"TOWN OF PRESQUE ISLE","VILAS","Papoose Lake",2328700
"270","22-639-07",70,TRUE,TRUE,30,0,50,0,20,0,1,1,0,0,0,0,2,0,0,0,0,0,0,0,0,1,0,0,0,0,0,FALSE,FALSE,FALSE,FALSE,FALSE,FALSE,FALSE,FALSE,FALSE,NA,"TOWN OF PRESQUE ISLE","VILAS","Papoose Lake",2328700
"271","22-640",85,TRUE,TRUE,50,10,20,0,20,1,1,0,2,0,0,2,2,0,0,0,0,0,0,0,0,1,0,0,0,0,0,FALSE,FALSE,FALSE,FALSE,FALSE,FALSE,FALSE,FALSE,FALSE,NA,"TOWN OF PRESQUE ISLE","VILAS","Papoose Lake",2328700
"272","22-642",100,TRUE,TRUE,85,5,0,0,10,0,0,0,1,0,0,0,0,0,0,0,0,0,0,0,0,0,0,0,0,0,0,FALSE,FALSE,FALSE,FALSE,FALSE,FALSE,FALSE,FALSE,FALSE,NA,"TOWN OF PRESQUE ISLE","VILAS","Papoose Lake",2328700
"273","22-643",90,FALSE,FALSE,75,5,0,0,20,0,6,0,0,0,0,2,0,0,0,0,0,0,0,0,0,1,0,1,0,0,0,FALSE,FALSE,FALSE,FALSE,FALSE,FALSE,FALSE,FALSE,FALSE,NA,"TOWN OF PRESQUE ISLE","VILAS","Papoose Lake",2328700
"274","22-644",10,TRUE,TRUE,20,20,60,0,0,0,2,0,1,0,0,0,2,0,0,0,0,0,0,4,0,1,0,0,0,0,0,FALSE,FALSE,FALSE,FALSE,FALSE,FALSE,FALSE,FALSE,FALSE,NA,"TOWN OF PRESQUE ISLE","VILAS","Papoose Lake",2328700
"275","22-634-11",60,FALSE,FALSE,0,0,100,0,0,0,1,0,2,0,0,0,2,0,0,0,0,0,0,0,0,1,0,0,0,0,0,TRUE,TRUE,FALSE,TRUE,FALSE,FALSE,FALSE,FALSE,FALSE,NA,"TOWN OF PRESQUE ISLE","VILAS","Papoose Lake",2328700
"276","22-655",20,FALSE,FALSE,0,0,100,0,0,0,0,0,1,0,0,0,2,0,0,0,65,0,0,0,0,1,0,0,0,0,0,FALSE,FALSE,FALSE,FALSE,FALSE,FALSE,FALSE,FALSE,FALSE,NA,"TOWN OF PRESQUE ISLE","VILAS","Papoose Lake",2328700
"277","22-654",20,FALSE,FALSE,0,5,75,0,20,1,2,0,2,0,0,2,2,0,0,0,50,0,0,0,0,1,0,0,0,0,0,FALSE,FALSE,FALSE,FALSE,FALSE,FALSE,FALSE,FALSE,FALSE,NA,"TOWN OF PRESQUE ISLE","VILAS","Papoose Lake",2328700
"278","22-653",90,TRUE,TRUE,80,0,10,0,10,0,0,0,1,0,0,2,0,0,0,0,0,0,0,0,0,0,0,0,0,0,0,FALSE,FALSE,FALSE,FALSE,FALSE,FALSE,FALSE,FALSE,FALSE,NA,"TOWN OF PRESQUE ISLE","VILAS","Papoose Lake",2328700
"279","22-657",95,TRUE,TRUE,70,5,5,0,20,0,5,0,0,0,0,2,2,0,0,0,0,0,0,0,0,1,0,0,0,0,0,FALSE,FALSE,FALSE,FALSE,FALSE,FALSE,FALSE,FALSE,FALSE,NA,"TOWN OF PRESQUE ISLE","VILAS","Papoose Lake",2328700
"280","22-658",70,TRUE,TRUE,10,10,50,0,30,0,7,0,2,0,0,0,2,0,0,0,0,0,0,0,0,1,0,0,0,0,3,FALSE,FALSE,FALSE,FALSE,FALSE,FALSE,FALSE,FALSE,FALSE,NA,"TOWN OF PRESQUE ISLE","VILAS","Papoose Lake",2328700
"281","22-659-52",80,TRUE,TRUE,45,5,20,0,30,1,0,0,2,0,0,2,2,0,0,0,0,0,0,0,25,1,1,0,0,0,0,FALSE,FALSE,FALSE,FALSE,FALSE,FALSE,FALSE,FALSE,FALSE,NA,"TOWN OF PRESQUE ISLE","VILAS","Papoose Lake",2328700
"282","22-659-51",100,TRUE,TRUE,80,0,0,0,20,0,0,0,0,0,0,0,0,0,0,0,0,0,0,0,0,0,0,0,0,0,0,FALSE,FALSE,FALSE,FALSE,FALSE,FALSE,FALSE,FALSE,FALSE,NA,"TOWN OF PRESQUE ISLE","VILAS","Papoose Lake",2328700
"283","22-659-01",90,TRUE,TRUE,60,5,10,0,25,0,0,0,2,0,0,2,2,0,0,0,0,0,0,0,0,1,0,0,0,0,0,FALSE,FALSE,FALSE,FALSE,FALSE,FALSE,FALSE,FALSE,FALSE,NA,"TOWN OF PRESQUE ISLE","VILAS","Papoose Lake",2328700
"284","22-652",80,TRUE,TRUE,50,10,0,0,40,0,1,0,1,0,0,2,2,0,0,0,100,0,0,0,0,1,0,0,1,0,0,FALSE,FALSE,FALSE,FALSE,FALSE,FALSE,FALSE,FALSE,FALSE,"Photo 5076","TOWN OF PRESQUE ISLE","VILAS","Papoose Lake",2328700
"285","22-651",50,TRUE,TRUE,35,5,50,0,10,1,0,0,1,0,0,2,2,0,0,0,75,0,0,0,0,1,0,0,0,0,0,FALSE,FALSE,FALSE,FALSE,FALSE,FALSE,FALSE,FALSE,FALSE,NA,"TOWN OF PRESQUE ISLE","VILAS","Papoose Lake",2328700
"286","22-650",95,TRUE,TRUE,80,5,5,0,10,0,1,0,2,0,0,2,2,0,0,0,0,0,0,0,0,2,1,1,0,0,0,FALSE,FALSE,FALSE,FALSE,FALSE,FALSE,FALSE,FALSE,FALSE,NA,"TOWN OF PRESQUE ISLE","VILAS","Papoose Lake",2328700
"287","22-649",100,TRUE,TRUE,80,0,0,0,20,0,0,0,0,0,0,0,0,0,0,0,0,0,0,0,0,0,0,0,0,0,0,FALSE,FALSE,FALSE,FALSE,FALSE,FALSE,FALSE,FALSE,FALSE,NA,"TOWN OF PRESQUE ISLE","VILAS","Papoose Lake",2328700
"288","22-648",95,TRUE,TRUE,70,5,5,0,20,0,4,0,0,0,0,2,0,0,0,0,0,0,0,0,0,1,1,0,0,0,0,FALSE,FALSE,FALSE,FALSE,FALSE,FALSE,FALSE,FALSE,FALSE,NA,"TOWN OF PRESQUE ISLE","VILAS","Papoose Lake",2328700
"289","22-647",75,TRUE,TRUE,50,5,0,0,45,0,1,0,0,0,0,0,2,0,0,0,75,0,0,0,0,1,1,0,0,0,0,FALSE,FALSE,FALSE,FALSE,FALSE,FALSE,FALSE,FALSE,FALSE,NA,"TOWN OF PRESQUE ISLE","VILAS","Papoose Lake",2328700
"290","22-646",70,TRUE,TRUE,40,0,50,0,10,0,1,0,1,0,0,2,2,0,0,0,0,0,0,0,2,2,1,0,0,0,0,FALSE,FALSE,FALSE,FALSE,FALSE,FALSE,FALSE,FALSE,FALSE,NA,"TOWN OF PRESQUE ISLE","VILAS","Papoose Lake",2328700
"291","22-645",10,TRUE,TRUE,40,10,50,0,0,0,0,0,0,0,0,0,2,0,0,0,0,0,0,0,0,1,0,0,0,0,0,FALSE,FALSE,FALSE,FALSE,FALSE,FALSE,FALSE,FALSE,FALSE,NA,"TOWN OF PRESQUE ISLE","VILAS","Papoose Lake",2328700
"292","22-615",90,TRUE,TRUE,55,5,0,0,40,0,0,0,2,0,0,0,0,0,0,0,0,0,0,0,0,1,0,1,0,0,0,FALSE,FALSE,FALSE,FALSE,FALSE,FALSE,FALSE,FALSE,FALSE,NA,"TOWN OF PRESQUE ISLE","VILAS","Papoose Lake",2328700
"293","22-615-02",100,TRUE,TRUE,85,5,0,0,10,0,1,0,1,0,0,2,0,0,0,0,0,0,0,0,0,1,0,0,0,0,0,FALSE,FALSE,FALSE,FALSE,FALSE,FALSE,FALSE,FALSE,FALSE,NA,"TOWN OF PRESQUE ISLE","VILAS","Papoose Lake",2328700
"294","22-615-04",100,TRUE,TRUE,80,5,0,0,15,0,2,0,1,0,0,2,0,0,0,0,0,0,0,0,0,1,1,0,0,0,0,FALSE,FALSE,FALSE,FALSE,FALSE,FALSE,FALSE,FALSE,FALSE,NA,"TOWN OF PRESQUE ISLE","VILAS","Papoose Lake",2328700
"295","22-615-06",100,TRUE,TRUE,75,5,0,0,20,0,1,1,1,0,0,2,2,0,0,0,25,0,0,0,0,1,2,0,0,0,0,FALSE,FALSE,FALSE,FALSE,FALSE,FALSE,FALSE,FALSE,FALSE,NA,"TOWN OF PRESQUE ISLE","VILAS","Papoose Lake",2328700
"296","22-615-07",100,TRUE,TRUE,90,5,0,0,5,0,1,0,0,0,0,0,0,0,0,0,0,0,0,0,0,1,0,0,0,0,1,FALSE,TRUE,FALSE,TRUE,FALSE,FALSE,FALSE,FALSE,FALSE,NA,"TOWN OF PRESQUE ISLE","VILAS","Papoose Lake",2328700
"297","22-615-05",100,TRUE,TRUE,70,5,0,0,25,0,0,0,1,1,1,2,0,0,0,0,0,0,0,0,0,1,1,0,0,0,0,FALSE,FALSE,FALSE,FALSE,FALSE,FALSE,FALSE,FALSE,FALSE,NA,"TOWN OF PRESQUE ISLE","VILAS","Papoose Lake",2328700
"298","22-615-01",80,TRUE,TRUE,30,5,55,0,10,1,0,1,2,0,0,0,2,0,0,0,0,0,0,0,0,1,0,0,0,0,0,FALSE,FALSE,FALSE,FALSE,FALSE,FALSE,FALSE,FALSE,FALSE,NA,"TOWN OF PRESQUE ISLE","VILAS","Papoose Lake",2328700
"299","22-613",100,TRUE,TRUE,80,0,0,0,20,0,0,0,0,0,0,0,0,0,0,0,0,0,0,0,0,0,0,0,0,0,0,FALSE,FALSE,FALSE,FALSE,FALSE,FALSE,FALSE,FALSE,FALSE,NA,"TOWN OF PRESQUE ISLE","VILAS","Papoose Lake",2328700
"300","22-615-08",100,TRUE,TRUE,80,0,5,0,15,0,0,0,0,0,0,2,2,0,0,0,0,0,0,0,0,1,1,0,0,0,0,FALSE,FALSE,FALSE,FALSE,FALSE,FALSE,FALSE,FALSE,FALSE,NA,"TOWN OF PRESQUE ISLE","VILAS","Papoose Lake",2328700
"301","22-609",95,TRUE,TRUE,70,5,5,0,20,0,0,0,2,0,0,2,2,0,0,0,0,0,0,0,0,2,1,0,0,0,1,FALSE,FALSE,FALSE,FALSE,FALSE,FALSE,FALSE,FALSE,FALSE,NA,"TOWN OF PRESQUE ISLE","VILAS","Papoose Lake",2328700
"302","22-612-01",100,TRUE,TRUE,90,0,0,0,10,0,0,0,0,0,0,2,0,0,0,0,0,0,0,0,0,1,1,0,0,0,1,FALSE,TRUE,FALSE,TRUE,FALSE,FALSE,FALSE,FALSE,FALSE,NA,"TOWN OF PRESQUE ISLE","VILAS","Papoose Lake",2328700
"303","22-607",100,TRUE,TRUE,90,0,0,0,10,0,0,0,2,0,0,2,0,0,0,0,0,0,0,0,0,0,0,0,0,0,0,FALSE,FALSE,FALSE,FALSE,FALSE,FALSE,FALSE,FALSE,FALSE,NA,"TOWN OF PRESQUE ISLE","VILAS","Papoose Lake",2328700
"304","22-610",95,TRUE,TRUE,85,0,5,0,10,0,1,0,2,0,0,0,2,0,0,0,200,0,0,0,0,2,0,0,0,0,1,TRUE,TRUE,FALSE,TRUE,FALSE,FALSE,FALSE,FALSE,FALSE,NA,"TOWN OF PRESQUE ISLE","VILAS","Papoose Lake",2328700
"305","22-611",100,TRUE,TRUE,90,0,0,0,10,0,0,0,0,0,0,0,0,0,0,0,0,0,0,0,0,0,0,0,0,0,0,TRUE,TRUE,FALSE,TRUE,FALSE,FALSE,FALSE,FALSE,FALSE,NA,"TOWN OF PRESQUE ISLE","VILAS","Papoose Lake",2328700
"306","22-608",100,TRUE,TRUE,90,0,0,0,10,0,0,0,0,0,0,0,0,0,0,0,0,0,0,0,0,0,0,0,0,0,0,TRUE,TRUE,FALSE,TRUE,FALSE,FALSE,FALSE,FALSE,FALSE,NA,"TOWN OF PRESQUE ISLE","VILAS","Papoose Lake",2328700
"307","22-634-05",100,TRUE,TRUE,85,0,0,0,15,0,0,0,0,0,2,2,0,0,0,0,0,0,0,0,5,0,0,0,0,0,0,FALSE,FALSE,FALSE,FALSE,FALSE,FALSE,FALSE,FALSE,FALSE,NA,"TOWN OF PRESQUE ISLE","VILAS","Papoose Lake",2328700
"308","28-856",100,TRUE,TRUE,90,0,0,0,10,0,0,0,2,0,0,0,0,0,0,0,0,0,0,0,0,0,0,0,0,0,0,FALSE,FALSE,FALSE,FALSE,FALSE,FALSE,FALSE,FALSE,FALSE,NA,"TOWN OF WINCHESTER","VILAS","Papoose Lake",2328700
"309","28-850",100,TRUE,TRUE,90,0,0,0,10,0,0,0,1,0,0,0,0,0,0,0,0,0,0,0,0,0,0,0,0,0,0,FALSE,FALSE,FALSE,FALSE,FALSE,FALSE,FALSE,FALSE,FALSE,"Photo 4989","TOWN OF WINCHESTER","VILAS","Papoose Lake",2328700
"310","22-978",100,TRUE,TRUE,90,0,0,0,10,0,0,0,1,0,0,0,0,0,0,0,0,0,0,0,0,0,0,0,0,0,0,FALSE,FALSE,FALSE,FALSE,FALSE,FALSE,FALSE,FALSE,FALSE,"Photo 4980","TOWN OF PRESQUE ISLE","VILAS","Papoose Lake",2328700
"311","2-2656",90,TRUE,TRUE,85,10,0,0,5,0,1,0,1,0,0,NA,NA,0,0,0,0,0,0,0,0,1,0,0,0,0,0,FALSE,FALSE,FALSE,NA,FALSE,FALSE,FALSE,FALSE,FALSE,NA,"TOWN OF ARBOR VITAE","VILAS","Big Arbor Vitae Lake",1545600
"312","2-2572",10,TRUE,TRUE,10,40,45,0,5,1,1,1,1,0,0,NA,NA,0,0,0,100,0,0,0,0,1,0,0,0,0,1,FALSE,FALSE,FALSE,NA,FALSE,FALSE,FALSE,FALSE,FALSE,NA,"TOWN OF ARBOR VITAE","VILAS","Big Arbor Vitae Lake",1545600
"313","2-2568",95,TRUE,TRUE,85,10,0,0,5,0,1,0,1,0,0,NA,NA,0,0,0,0,0,0,0,0,1,0,0,0,0,0,FALSE,FALSE,FALSE,NA,FALSE,FALSE,FALSE,FALSE,FALSE,NA,"TOWN OF ARBOR VITAE","VILAS","Big Arbor Vitae Lake",1545600
"314","2-2575-03",80,TRUE,TRUE,55,5,35,0,5,0,5,0,0,0,0,NA,NA,0,0,0,10,0,0,0,0,2,2,1,0,0,1,FALSE,FALSE,FALSE,NA,FALSE,FALSE,FALSE,FALSE,FALSE,"more riprap added between survey and photo loop","TOWN OF ARBOR VITAE","VILAS","Big Arbor Vitae Lake",1545600
"315","2-2575-04",90,TRUE,TRUE,95,0,0,0,5,0,0,0,0,0,2,NA,NA,0,0,0,0,0,0,30,0,0,0,0,0,0,0,FALSE,FALSE,FALSE,NA,FALSE,FALSE,FALSE,FALSE,FALSE,"geobags within riparian zone","TOWN OF ARBOR VITAE","VILAS","Big Arbor Vitae Lake",1545600
"316","2-2576",85,TRUE,TRUE,60,25,0,0,15,0,0,0,1,0,0,NA,NA,0,0,0,0,0,0,15,0,1,2,1,0,0,0,FALSE,FALSE,FALSE,NA,FALSE,FALSE,FALSE,FALSE,FALSE,NA,"TOWN OF ARBOR VITAE","VILAS","Big Arbor Vitae Lake",1545600
"317","2-2582",95,TRUE,TRUE,90,0,0,0,10,0,0,0,0,0,0,NA,NA,0,0,0,0,0,0,45,0,0,0,0,0,0,0,FALSE,FALSE,FALSE,NA,FALSE,FALSE,FALSE,FALSE,FALSE,NA,"TOWN OF ARBOR VITAE","VILAS","Big Arbor Vitae Lake",1545600
"318","2-2649",60,TRUE,TRUE,85,10,0,0,5,0,0,0,0,0,0,NA,NA,0,0,0,0,30,0,0,0,2,1,0,0,0,0,TRUE,TRUE,FALSE,NA,FALSE,FALSE,FALSE,FALSE,FALSE,"2 boat launches, 4 trails to water with slope. We included sections of ROW.  Some areas not photographed due to people being present.","TOWN OF ARBOR VITAE","VILAS","Big Arbor Vitae Lake",1545600
"319","2-2656-01",95,TRUE,TRUE,85,10,0,0,5,0,0,0,0,0,0,NA,NA,0,0,0,0,0,0,0,0,1,0,0,0,0,0,FALSE,FALSE,FALSE,NA,FALSE,FALSE,FALSE,FALSE,FALSE,NA,"TOWN OF ARBOR VITAE","VILAS","Big Arbor Vitae Lake",1545600
"320","2-2686-02",65,TRUE,TRUE,70,10,15,0,5,4,1,0,0,0,0,NA,NA,0,0,0,60,0,0,0,0,7,7,0,0,0,0,FALSE,FALSE,FALSE,NA,FALSE,FALSE,FALSE,FALSE,FALSE,NA,"TOWN OF ARBOR VITAE","VILAS","Big Arbor Vitae Lake",1545600
"321","2-2673",55,TRUE,TRUE,5,20,40,0,35,1,0,0,6,0,0,NA,NA,0,0,0,70,0,0,0,0,0,0,0,0,0,0,FALSE,FALSE,FALSE,NA,FALSE,FALSE,FALSE,FALSE,FALSE,NA,"TOWN OF ARBOR VITAE","VILAS","Big Arbor Vitae Lake",1545600
"322","2-2671",75,TRUE,TRUE,70,20,0,0,10,1,0,1,1,0,0,NA,NA,0,0,0,0,0,0,0,0,1,0,0,0,0,0,FALSE,FALSE,FALSE,NA,FALSE,FALSE,FALSE,FALSE,FALSE,NA,"TOWN OF ARBOR VITAE","VILAS","Big Arbor Vitae Lake",1545600
"323","2-2768",30,TRUE,TRUE,30,70,0,0,0,0,0,0,0,0,0,NA,NA,0,0,0,0,0,0,0,0,0,0,0,0,0,0,FALSE,FALSE,FALSE,NA,FALSE,FALSE,FALSE,FALSE,FALSE,NA,"TOWN OF ARBOR VITAE","VILAS","Big Arbor Vitae Lake",1545600
"324","2-2701",35,TRUE,TRUE,30,10,55,0,5,0,0,1,6,0,0,NA,NA,0,0,0,35,0,0,0,0,1,0,1,0,0,0,FALSE,FALSE,FALSE,NA,FALSE,FALSE,FALSE,FALSE,FALSE,"no photos - people present.","TOWN OF ARBOR VITAE","VILAS","Big Arbor Vitae Lake",1545600
"325","2-2697",10,TRUE,TRUE,10,5,85,0,0,0,2,1,0,0,0,NA,NA,0,0,0,0,0,0,0,0,1,1,0,0,0,0,FALSE,FALSE,FALSE,NA,FALSE,FALSE,FALSE,FALSE,FALSE,NA,"TOWN OF ARBOR VITAE","VILAS","Big Arbor Vitae Lake",1545600
"326","2-2688",95,TRUE,TRUE,75,15,0,0,10,0,1,1,1,0,0,NA,NA,0,0,0,0,0,0,0,0,2,1,0,0,0,0,FALSE,FALSE,FALSE,NA,FALSE,FALSE,FALSE,FALSE,FALSE,NA,"TOWN OF ARBOR VITAE","VILAS","Big Arbor Vitae Lake",1545600
"327","2-2752",95,TRUE,TRUE,65,15,0,0,20,1,2,0,3,0,0,NA,NA,0,0,0,0,0,0,0,0,1,0,0,0,0,0,FALSE,FALSE,FALSE,NA,FALSE,FALSE,FALSE,FALSE,FALSE,NA,"TOWN OF ARBOR VITAE","VILAS","Big Arbor Vitae Lake",1545600
"328","2-2757-0002",90,TRUE,TRUE,80,5,0,0,15,0,0,0,0,0,0,NA,NA,0,0,0,0,0,0,0,0,1,2,0,0,0,0,FALSE,FALSE,FALSE,NA,FALSE,FALSE,FALSE,FALSE,FALSE,NA,"TOWN OF ARBOR VITAE","VILAS","Big Arbor Vitae Lake",1545600
"329","2-2747",95,TRUE,TRUE,85,10,0,0,5,1,0,0,0,0,0,NA,NA,0,0,0,0,0,0,0,0,1,0,0,0,0,0,FALSE,FALSE,FALSE,NA,FALSE,FALSE,FALSE,FALSE,FALSE,NA,"TOWN OF ARBOR VITAE","VILAS","Big Arbor Vitae Lake",1545600
"330","2-2741",10,TRUE,TRUE,10,5,70,0,15,0,1,0,0,0,0,NA,NA,0,0,0,0,0,0,0,0,1,2,0,0,0,0,FALSE,FALSE,FALSE,NA,FALSE,FALSE,FALSE,FALSE,FALSE,NA,"TOWN OF ARBOR VITAE","VILAS","Big Arbor Vitae Lake",1545600
"331","2-2740",90,TRUE,TRUE,70,5,15,0,10,0,0,0,2,0,0,NA,NA,0,0,0,0,0,0,0,0,1,1,0,0,0,0,FALSE,FALSE,FALSE,NA,FALSE,FALSE,FALSE,FALSE,FALSE,NA,"TOWN OF ARBOR VITAE","VILAS","Big Arbor Vitae Lake",1545600
"332","2-2562-02",95,TRUE,TRUE,85,5,0,0,10,0,0,0,0,0,2,NA,NA,0,0,0,0,0,0,0,0,0,0,0,0,0,0,FALSE,FALSE,FALSE,NA,FALSE,FALSE,FALSE,FALSE,FALSE,"a lot of erosion due to steepness and soil and sand. Skipped photos in sections due to people.","TOWN OF ARBOR VITAE","VILAS","Big Arbor Vitae Lake",1545600
"333","2-2562",90,TRUE,TRUE,90,5,0,0,5,0,0,0,0,0,0,NA,NA,0,0,0,0,0,0,0,0,0,0,0,0,0,0,FALSE,FALSE,FALSE,NA,FALSE,FALSE,FALSE,FALSE,FALSE,NA,"TOWN OF ARBOR VITAE","VILAS","Big Arbor Vitae Lake",1545600
"334","2-2556",90,TRUE,TRUE,85,5,5,0,5,0,0,0,5,0,2,NA,NA,0,0,0,0,0,90,10,0,1,0,0,0,0,0,FALSE,FALSE,FALSE,NA,FALSE,FALSE,FALSE,FALSE,FALSE,NA,"TOWN OF ARBOR VITAE","VILAS","Big Arbor Vitae Lake",1545600
"335","2-2553-06",80,TRUE,TRUE,95,0,0,0,5,0,0,0,0,0,0,NA,NA,0,0,0,0,0,0,50,0,0,0,0,0,0,0,FALSE,FALSE,FALSE,NA,FALSE,FALSE,FALSE,FALSE,FALSE,NA,"TOWN OF ARBOR VITAE","VILAS","Big Arbor Vitae Lake",1545600
"336","2-2571",95,TRUE,TRUE,90,5,0,0,5,0,0,0,0,0,0,NA,NA,0,0,0,0,0,0,0,0,1,0,0,0,0,0,FALSE,FALSE,FALSE,NA,FALSE,FALSE,FALSE,FALSE,FALSE,NA,"TOWN OF ARBOR VITAE","VILAS","Big Arbor Vitae Lake",1545600
"337","2-2571-01",90,TRUE,TRUE,65,20,0,0,15,0,0,0,1,0,0,NA,NA,0,0,0,0,0,0,0,0,1,0,0,0,0,0,FALSE,FALSE,FALSE,NA,FALSE,FALSE,FALSE,FALSE,FALSE,NA,"TOWN OF ARBOR VITAE","VILAS","Big Arbor Vitae Lake",1545600
"338","2-2570",90,TRUE,TRUE,75,0,0,0,25,0,0,0,0,0,0,NA,NA,0,0,0,0,0,0,0,0,0,0,0,0,0,0,FALSE,FALSE,FALSE,NA,FALSE,FALSE,FALSE,FALSE,FALSE,NA,"TOWN OF ARBOR VITAE","VILAS","Big Arbor Vitae Lake",1545600
"339","2-2575-02",95,TRUE,TRUE,95,0,0,0,5,0,0,0,0,0,0,NA,NA,0,0,0,0,0,0,0,0,0,0,0,0,0,0,FALSE,FALSE,FALSE,NA,FALSE,FALSE,FALSE,FALSE,FALSE,NA,"TOWN OF ARBOR VITAE","VILAS","Big Arbor Vitae Lake",1545600
"340","2-2578",90,TRUE,TRUE,75,20,0,0,5,1,4,0,0,0,0,NA,NA,0,0,0,0,0,0,0,0,1,2,0,0,0,0,FALSE,FALSE,FALSE,NA,FALSE,FALSE,FALSE,FALSE,FALSE,NA,"TOWN OF ARBOR VITAE","VILAS","Big Arbor Vitae Lake",1545600
"341","2-2579",95,TRUE,TRUE,90,5,0,0,5,0,1,0,0,0,0,NA,NA,0,0,0,0,0,0,0,0,1,1,0,0,0,0,FALSE,FALSE,FALSE,NA,FALSE,FALSE,FALSE,FALSE,FALSE,NA,"TOWN OF ARBOR VITAE","VILAS","Big Arbor Vitae Lake",1545600
"342","2-2581-01",85,TRUE,TRUE,85,10,0,0,5,0,4,0,0,0,0,NA,NA,0,0,0,0,0,0,0,0,1,1,0,0,0,0,FALSE,FALSE,FALSE,NA,FALSE,FALSE,FALSE,FALSE,FALSE,NA,"TOWN OF ARBOR VITAE","VILAS","Big Arbor Vitae Lake",1545600
"343","2-2566",95,TRUE,TRUE,85,0,0,0,15,0,0,0,0,0,0,NA,NA,0,0,0,0,0,0,30,0,0,0,0,0,0,0,FALSE,FALSE,FALSE,NA,FALSE,FALSE,FALSE,FALSE,FALSE,NA,"TOWN OF ARBOR VITAE","VILAS","Big Arbor Vitae Lake",1545600
"344","2-2597",95,TRUE,TRUE,95,0,0,0,5,0,0,0,0,0,0,NA,NA,0,0,0,0,0,0,0,0,0,0,0,0,0,0,FALSE,FALSE,FALSE,NA,FALSE,FALSE,FALSE,FALSE,FALSE,NA,"TOWN OF ARBOR VITAE","VILAS","Big Arbor Vitae Lake",1545600
"345","2-2655-01",90,TRUE,TRUE,85,10,0,0,5,1,0,0,0,0,0,NA,NA,0,0,0,0,0,0,0,0,1,1,0,0,0,1,FALSE,FALSE,FALSE,NA,FALSE,FALSE,FALSE,FALSE,FALSE,NA,"TOWN OF ARBOR VITAE","VILAS","Big Arbor Vitae Lake",1545600
"346","2-2655-03",95,TRUE,TRUE,85,5,0,0,10,1,0,0,1,0,0,NA,NA,0,0,0,0,0,0,0,0,1,1,0,0,0,0,FALSE,FALSE,FALSE,NA,FALSE,FALSE,FALSE,FALSE,FALSE,NA,"TOWN OF ARBOR VITAE","VILAS","Big Arbor Vitae Lake",1545600
"347","2-2653",50,TRUE,TRUE,25,35,20,0,20,2,6,2,1,0,0,NA,NA,0,0,0,0,0,35,0,0,3,0,1,0,0,0,FALSE,FALSE,FALSE,NA,FALSE,FALSE,FALSE,FALSE,FALSE,"Resort","TOWN OF ARBOR VITAE","VILAS","Big Arbor Vitae Lake",1545600
"348","2-2654",25,TRUE,TRUE,55,40,5,0,0,2,1,0,0,0,0,NA,NA,0,0,0,0,0,0,0,0,3,0,0,0,0,0,FALSE,FALSE,FALSE,NA,FALSE,FALSE,FALSE,FALSE,FALSE,"Business","TOWN OF ARBOR VITAE","VILAS","Big Arbor Vitae Lake",1545600
"349","2-2683",80,TRUE,TRUE,75,5,5,0,15,0,1,0,0,0,0,NA,NA,0,0,0,20,0,0,0,0,1,0,0,0,0,0,FALSE,FALSE,FALSE,NA,FALSE,FALSE,FALSE,FALSE,FALSE,NA,"TOWN OF ARBOR VITAE","VILAS","Big Arbor Vitae Lake",1545600
"350","2-2675",75,TRUE,TRUE,85,5,10,0,0,0,2,0,1,0,0,NA,NA,0,0,0,0,0,0,0,0,2,2,0,0,0,0,FALSE,FALSE,FALSE,NA,FALSE,FALSE,FALSE,FALSE,FALSE,"no photos - people present","TOWN OF ARBOR VITAE","VILAS","Big Arbor Vitae Lake",1545600
"351","2-2672",5,TRUE,TRUE,5,45,45,0,5,1,0,0,1,0,0,NA,NA,0,0,0,70,0,0,0,0,1,1,0,0,0,1,FALSE,FALSE,FALSE,NA,FALSE,FALSE,FALSE,FALSE,FALSE,"no photos - people present","TOWN OF ARBOR VITAE","VILAS","Big Arbor Vitae Lake",1545600
"352","2-2670",35,TRUE,TRUE,15,10,70,0,5,1,0,1,3,0,0,NA,NA,0,0,0,75,0,0,0,0,1,1,0,0,0,0,FALSE,FALSE,FALSE,NA,FALSE,FALSE,FALSE,FALSE,FALSE,NA,"TOWN OF ARBOR VITAE","VILAS","Big Arbor Vitae Lake",1545600
"353","2-2658",90,TRUE,TRUE,90,5,0,0,5,0,1,0,0,0,0,NA,NA,0,0,0,0,0,0,0,0,0,0,0,0,0,0,FALSE,FALSE,FALSE,NA,FALSE,FALSE,FALSE,FALSE,FALSE,NA,"TOWN OF ARBOR VITAE","VILAS","Big Arbor Vitae Lake",1545600
"354","2-2660",75,TRUE,TRUE,65,10,20,0,5,0,2,0,2,0,0,NA,NA,0,0,0,0,0,0,0,0,0,0,0,0,0,0,FALSE,FALSE,FALSE,NA,FALSE,FALSE,FALSE,FALSE,FALSE,NA,"TOWN OF ARBOR VITAE","VILAS","Big Arbor Vitae Lake",1545600
"355","2-2761",35,TRUE,TRUE,5,50,40,0,5,2,0,0,1,0,0,NA,NA,0,0,0,40,0,0,0,0,1,0,0,0,0,0,FALSE,FALSE,FALSE,NA,FALSE,FALSE,FALSE,FALSE,FALSE,"half of shed/gargae structure included","TOWN OF ARBOR VITAE","VILAS","Big Arbor Vitae Lake",1545600
"356","2-2763",30,TRUE,TRUE,10,45,40,0,5,3,3,0,7,0,0,NA,NA,0,0,0,15,0,0,0,0,1,0,0,0,0,0,FALSE,FALSE,FALSE,NA,FALSE,FALSE,FALSE,FALSE,FALSE,"half of shed/gargae structure included","TOWN OF ARBOR VITAE","VILAS","Big Arbor Vitae Lake",1545600
"357","2-2766",5,TRUE,TRUE,5,60,30,0,5,0,0,1,1,0,0,NA,NA,0,0,0,50,0,0,0,0,1,3,1,0,0,0,FALSE,FALSE,FALSE,NA,FALSE,FALSE,FALSE,FALSE,FALSE,NA,"TOWN OF ARBOR VITAE","VILAS","Big Arbor Vitae Lake",1545600
"358","2-2707",0,FALSE,FALSE,0,70,30,0,0,0,0,0,0,0,0,NA,NA,0,0,0,40,0,0,0,0,1,0,0,0,0,0,FALSE,FALSE,FALSE,NA,FALSE,FALSE,FALSE,FALSE,FALSE,NA,"TOWN OF ARBOR VITAE","VILAS","Big Arbor Vitae Lake",1545600
"359","2-2706",50,TRUE,TRUE,25,60,10,0,5,0,1,0,2,0,0,NA,NA,0,0,0,0,0,0,0,0,1,0,0,0,2,0,FALSE,FALSE,FALSE,NA,FALSE,FALSE,FALSE,FALSE,FALSE,"no photos - people present. Campground","TOWN OF ARBOR VITAE","VILAS","Big Arbor Vitae Lake",1545600
"360","2-2709",35,TRUE,TRUE,35,60,0,0,5,0,0,0,0,0,0,NA,NA,0,0,0,0,0,0,0,0,2,0,0,0,0,0,FALSE,FALSE,FALSE,NA,FALSE,FALSE,FALSE,FALSE,FALSE,NA,"TOWN OF ARBOR VITAE","VILAS","Big Arbor Vitae Lake",1545600
"361","2-2710",30,TRUE,TRUE,30,60,0,0,10,0,0,0,1,0,0,NA,NA,0,0,0,0,0,0,0,0,2,1,0,0,0,0,FALSE,FALSE,FALSE,NA,FALSE,FALSE,FALSE,FALSE,FALSE,"no photos - people present.","TOWN OF ARBOR VITAE","VILAS","Big Arbor Vitae Lake",1545600
"362","2-2702",15,TRUE,TRUE,25,70,0,0,5,0,0,0,0,0,0,NA,NA,0,0,0,0,0,0,0,0,1,0,0,0,0,0,FALSE,FALSE,FALSE,NA,FALSE,FALSE,FALSE,FALSE,FALSE,NA,"TOWN OF ARBOR VITAE","VILAS","Big Arbor Vitae Lake",1545600
"363","2-2696",55,TRUE,TRUE,25,0,65,0,10,0,0,0,0,0,0,NA,NA,0,0,0,0,0,0,0,0,1,1,0,0,0,0,FALSE,FALSE,FALSE,NA,FALSE,FALSE,FALSE,FALSE,FALSE,NA,"TOWN OF ARBOR VITAE","VILAS","Big Arbor Vitae Lake",1545600
"364","2-2692",40,TRUE,TRUE,10,20,50,0,20,2,2,0,1,0,0,NA,NA,0,0,0,30,0,0,0,0,6,0,1,0,0,0,FALSE,FALSE,FALSE,NA,FALSE,FALSE,FALSE,FALSE,FALSE,NA,"TOWN OF ARBOR VITAE","VILAS","Big Arbor Vitae Lake",1545600
"365","2-2694",85,TRUE,TRUE,65,5,20,0,10,0,0,0,1,0,0,NA,NA,0,0,0,0,0,0,0,0,1,1,0,0,0,0,FALSE,FALSE,FALSE,NA,FALSE,FALSE,FALSE,FALSE,FALSE,NA,"TOWN OF ARBOR VITAE","VILAS","Big Arbor Vitae Lake",1545600
"366","2-2689",20,TRUE,TRUE,10,30,55,0,5,1,0,0,5,0,0,NA,NA,0,0,0,120,0,0,0,0,1,0,0,0,0,1,FALSE,FALSE,FALSE,NA,FALSE,FALSE,FALSE,FALSE,FALSE,NA,"TOWN OF ARBOR VITAE","VILAS","Big Arbor Vitae Lake",1545600
"367","2-2751",95,TRUE,TRUE,95,0,0,0,5,0,0,0,0,0,0,NA,NA,0,0,0,0,0,0,0,0,1,0,1,0,0,0,FALSE,FALSE,FALSE,NA,FALSE,FALSE,FALSE,FALSE,FALSE,NA,"TOWN OF ARBOR VITAE","VILAS","Big Arbor Vitae Lake",1545600
"368","2-2757",95,TRUE,TRUE,80,5,0,0,15,0,1,0,2,0,0,NA,NA,0,0,0,0,0,0,0,0,1,1,0,0,0,0,FALSE,FALSE,FALSE,NA,FALSE,FALSE,FALSE,FALSE,FALSE,NA,"TOWN OF ARBOR VITAE","VILAS","Big Arbor Vitae Lake",1545600
"369","2-2757-0001",90,TRUE,TRUE,85,5,0,0,10,0,0,0,1,0,0,NA,NA,0,0,0,0,0,0,0,0,1,0,0,0,0,0,FALSE,FALSE,FALSE,NA,FALSE,FALSE,FALSE,FALSE,FALSE,NA,"TOWN OF ARBOR VITAE","VILAS","Big Arbor Vitae Lake",1545600
"370","2-2757-02",35,TRUE,TRUE,25,10,55,0,10,0,7,0,0,0,0,NA,NA,0,0,0,0,0,35,0,0,6,1,1,0,0,0,FALSE,FALSE,FALSE,NA,FALSE,FALSE,FALSE,FALSE,FALSE,"skipped photos in sections due to people being present","TOWN OF ARBOR VITAE","VILAS","Big Arbor Vitae Lake",1545600
"371","2-2739",95,TRUE,TRUE,70,20,0,0,10,0,0,0,2,0,0,NA,NA,0,0,0,100,0,0,0,0,2,2,0,0,0,1,FALSE,FALSE,FALSE,NA,FALSE,FALSE,FALSE,FALSE,FALSE,NA,"TOWN OF ARBOR VITAE","VILAS","Big Arbor Vitae Lake",1545600
"372","2-2737",95,TRUE,TRUE,80,10,0,0,10,1,0,0,2,0,0,NA,NA,0,0,0,100,0,0,0,0,2,2,0,0,0,0,FALSE,FALSE,FALSE,NA,FALSE,FALSE,FALSE,FALSE,FALSE,NA,"TOWN OF ARBOR VITAE","VILAS","Big Arbor Vitae Lake",1545600
"373","2-2562-01",95,TRUE,TRUE,95,0,0,0,5,0,0,0,0,0,0,NA,NA,0,0,0,0,0,0,15,0,0,0,0,0,0,0,FALSE,FALSE,FALSE,NA,FALSE,FALSE,FALSE,FALSE,FALSE,NA,"TOWN OF ARBOR VITAE","VILAS","Big Arbor Vitae Lake",1545600
"374","2-2565",95,TRUE,TRUE,95,0,0,0,5,0,0,0,0,0,0,NA,NA,0,0,0,0,0,0,10,0,0,0,0,0,0,0,FALSE,FALSE,FALSE,NA,FALSE,FALSE,FALSE,FALSE,FALSE,NA,"TOWN OF ARBOR VITAE","VILAS","Big Arbor Vitae Lake",1545600
"375","2-2574",80,TRUE,TRUE,85,5,0,0,10,0,0,0,0,0,0,NA,NA,0,0,0,100,0,0,0,0,0,0,0,0,0,0,FALSE,FALSE,FALSE,NA,FALSE,FALSE,FALSE,FALSE,FALSE,"geobags within riparian zone","TOWN OF ARBOR VITAE","VILAS","Big Arbor Vitae Lake",1545600
"376","2-2575-01",95,TRUE,TRUE,20,0,0,0,80,0,0,0,0,0,0,NA,NA,0,0,0,0,0,0,0,0,0,0,0,0,0,0,FALSE,FALSE,FALSE,NA,FALSE,FALSE,FALSE,FALSE,FALSE,NA,"TOWN OF ARBOR VITAE","VILAS","Big Arbor Vitae Lake",1545600
"377","2-2575-05",90,TRUE,TRUE,85,10,0,0,5,0,0,0,0,0,2,NA,NA,0,0,0,0,0,0,0,0,1,1,0,0,0,0,FALSE,FALSE,FALSE,NA,FALSE,FALSE,FALSE,FALSE,FALSE,NA,"TOWN OF ARBOR VITAE","VILAS","Big Arbor Vitae Lake",1545600
"378","2-2575-06",85,TRUE,TRUE,85,0,0,0,15,0,0,0,0,0,0,NA,NA,0,0,0,0,0,0,0,0,1,0,0,0,0,0,FALSE,FALSE,FALSE,NA,FALSE,FALSE,FALSE,FALSE,FALSE,NA,"TOWN OF ARBOR VITAE","VILAS","Big Arbor Vitae Lake",1545600
"379","2-2577",95,TRUE,TRUE,60,0,0,0,40,0,0,0,0,0,0,NA,NA,0,0,0,0,0,0,0,0,0,0,0,0,0,0,FALSE,FALSE,FALSE,NA,FALSE,FALSE,FALSE,FALSE,FALSE,NA,"TOWN OF ARBOR VITAE","VILAS","Big Arbor Vitae Lake",1545600
"380","2-2580",95,TRUE,TRUE,85,10,0,0,5,0,4,0,1,0,0,NA,NA,0,0,0,0,0,0,0,0,1,2,1,0,0,0,FALSE,FALSE,FALSE,NA,FALSE,FALSE,FALSE,FALSE,FALSE,"yellow iris","TOWN OF ARBOR VITAE","VILAS","Big Arbor Vitae Lake",1545600
"381","2-2581-02",85,TRUE,TRUE,75,10,0,0,15,0,1,0,0,0,0,NA,NA,0,0,0,65,0,0,0,0,1,1,1,0,0,0,FALSE,FALSE,FALSE,NA,FALSE,FALSE,FALSE,FALSE,FALSE,NA,"TOWN OF ARBOR VITAE","VILAS","Big Arbor Vitae Lake",1545600
"382","2-2648",90,TRUE,TRUE,55,5,0,0,40,0,0,0,4,0,2,NA,NA,0,0,0,0,0,0,0,0,0,0,0,0,0,0,TRUE,TRUE,FALSE,NA,FALSE,FALSE,FALSE,FALSE,FALSE,"couldn't follow entire shoreland behind island due to shallow water","TOWN OF ARBOR VITAE","VILAS","Big Arbor Vitae Lake",1545600
"383","2-2650",65,TRUE,TRUE,75,15,5,0,5,1,4,0,4,0,0,NA,NA,0,0,0,0,0,0,0,0,3,0,1,0,0,0,FALSE,FALSE,FALSE,NA,FALSE,FALSE,FALSE,FALSE,FALSE,NA,"TOWN OF ARBOR VITAE","VILAS","Big Arbor Vitae Lake",1545600
"384","2-2655-02",90,TRUE,TRUE,75,15,0,0,10,1,0,0,0,0,0,NA,NA,0,0,0,0,0,0,0,0,1,2,0,0,0,0,FALSE,FALSE,FALSE,NA,FALSE,FALSE,FALSE,FALSE,FALSE,NA,"TOWN OF ARBOR VITAE","VILAS","Big Arbor Vitae Lake",1545600
"385","2-2655",95,TRUE,TRUE,85,10,0,0,5,0,2,0,0,0,0,NA,NA,0,0,0,0,0,0,0,0,1,1,0,0,0,0,FALSE,FALSE,FALSE,NA,FALSE,FALSE,FALSE,FALSE,FALSE,NA,"TOWN OF ARBOR VITAE","VILAS","Big Arbor Vitae Lake",1545600
"386","2-2656-06",95,TRUE,TRUE,95,5,0,0,0,1,0,0,0,0,0,NA,NA,0,0,0,0,0,0,0,0,1,0,0,0,0,0,FALSE,FALSE,FALSE,NA,FALSE,FALSE,FALSE,FALSE,FALSE,NA,"TOWN OF ARBOR VITAE","VILAS","Big Arbor Vitae Lake",1545600
"387","2-2686-16",50,TRUE,TRUE,10,15,70,0,5,5,3,0,0,0,0,NA,NA,0,0,65,185,75,0,0,0,10,7,0,0,0,2,FALSE,TRUE,FALSE,NA,FALSE,FALSE,FALSE,FALSE,FALSE,"includes island","TOWN OF ARBOR VITAE","VILAS","Big Arbor Vitae Lake",1545600
"388","2-2684",75,TRUE,TRUE,20,5,70,0,5,0,1,0,0,0,0,NA,NA,0,0,0,0,0,0,0,0,2,0,1,0,0,0,FALSE,FALSE,FALSE,NA,FALSE,FALSE,FALSE,FALSE,FALSE,NA,"TOWN OF ARBOR VITAE","VILAS","Big Arbor Vitae Lake",1545600
"389","2-2682",50,TRUE,TRUE,90,5,0,0,5,0,0,0,0,0,0,NA,NA,0,0,0,0,0,0,0,0,1,1,0,0,0,0,FALSE,FALSE,FALSE,NA,FALSE,FALSE,FALSE,FALSE,FALSE,NA,"TOWN OF ARBOR VITAE","VILAS","Big Arbor Vitae Lake",1545600
"390","2-2686-26",65,TRUE,TRUE,55,20,5,0,20,2,3,0,0,0,0,NA,NA,0,0,0,0,0,0,0,0,3,1,0,0,0,1,FALSE,FALSE,FALSE,NA,FALSE,FALSE,FALSE,FALSE,FALSE,NA,"TOWN OF ARBOR VITAE","VILAS","Big Arbor Vitae Lake",1545600
"391","2-2674",25,TRUE,TRUE,70,10,20,0,0,0,0,0,1,0,0,NA,NA,0,0,0,85,0,0,0,0,0,0,0,0,0,0,FALSE,FALSE,FALSE,NA,FALSE,FALSE,FALSE,FALSE,FALSE,NA,"TOWN OF ARBOR VITAE","VILAS","Big Arbor Vitae Lake",1545600
"392","2-2759",55,TRUE,TRUE,40,15,40,0,5,1,0,1,3,0,0,NA,NA,0,0,0,0,0,0,0,0,1,0,0,0,0,0,FALSE,FALSE,FALSE,NA,FALSE,FALSE,FALSE,FALSE,FALSE,NA,"TOWN OF ARBOR VITAE","VILAS","Big Arbor Vitae Lake",1545600
"393","2-2762",70,TRUE,TRUE,35,25,35,0,5,0,2,0,3,0,0,NA,NA,0,0,0,0,0,0,0,0,1,1,0,0,0,0,FALSE,FALSE,FALSE,NA,FALSE,FALSE,FALSE,FALSE,FALSE,"no photos - people present","TOWN OF ARBOR VITAE","VILAS","Big Arbor Vitae Lake",1545600
"394","2-2767",5,TRUE,TRUE,5,65,30,0,0,0,0,0,0,0,0,NA,NA,0,0,0,0,0,0,0,0,2,0,0,0,0,0,FALSE,FALSE,FALSE,NA,FALSE,FALSE,FALSE,FALSE,FALSE,NA,"TOWN OF ARBOR VITAE","VILAS","Big Arbor Vitae Lake",1545600
"395","2-2708",5,TRUE,TRUE,5,70,25,0,0,0,0,0,0,0,0,NA,NA,0,0,0,0,0,0,0,0,1,3,0,0,0,0,FALSE,FALSE,FALSE,NA,FALSE,FALSE,FALSE,FALSE,FALSE,NA,"TOWN OF ARBOR VITAE","VILAS","Big Arbor Vitae Lake",1545600
"396","2-2705-04",20,TRUE,TRUE,15,25,60,0,0,2,1,0,1,0,0,NA,NA,0,0,0,145,0,0,0,0,1,0,0,0,0,1,FALSE,FALSE,FALSE,NA,FALSE,FALSE,FALSE,FALSE,FALSE,NA,"TOWN OF ARBOR VITAE","VILAS","Big Arbor Vitae Lake",1545600
"397","2-2695-01",10,TRUE,TRUE,10,15,50,0,25,0,0,0,1,2,2,NA,NA,0,0,0,0,0,0,0,0,1,1,0,0,0,0,FALSE,FALSE,FALSE,NA,FALSE,FALSE,FALSE,FALSE,FALSE,"point source likely from gutter system.","TOWN OF ARBOR VITAE","VILAS","Big Arbor Vitae Lake",1545600
"398","2-2754",95,TRUE,TRUE,80,5,5,0,10,0,0,0,1,0,0,NA,NA,0,0,0,0,0,0,0,0,2,1,0,0,0,0,FALSE,FALSE,FALSE,NA,FALSE,FALSE,FALSE,FALSE,FALSE,NA,"TOWN OF ARBOR VITAE","VILAS","Big Arbor Vitae Lake",1545600
"399","2-2753",95,TRUE,TRUE,70,10,0,0,20,0,2,0,1,0,0,NA,NA,0,0,0,0,0,0,15,0,1,0,0,0,0,0,FALSE,FALSE,FALSE,NA,FALSE,FALSE,FALSE,FALSE,FALSE,NA,"TOWN OF ARBOR VITAE","VILAS","Big Arbor Vitae Lake",1545600
