PARCELID,CANOPY_PCT,SHRUB_PRESENCE,HERB_PRESENCE,SHRUB_HERB_PCT,IMPERVIOUS_PCT,MANI_LAWN_PCT,AG_PCT,OTHER_PCT,BUILDINGS_CNT,BOAT_SHORE_CNT,FIRE_PIT_CNT,OTHER_STRUCTURE_CNT,POINT_SOURCE_PRES,CHANNEL_FLOW_PRES,STAIR_LAKE_PRES,LAWN_LAKE_PRES,SAND_DEP_PRES,OTHER_RUNOFF_PRES,VERTICAL_WALL_LEN,RIPRAP_LEN,EROSION_CNTRL_LEN,ART_BEACH_LEN,GREAT_ERO_LEN,LESS_ERO_LEN,PIERS_CNT,BOAT_LIFT_CNT,SWIM_RAFT_CNT,BOATHOUSE_CNT,MARINAS_CNT,STRUCTURE_OTHER_CNT,EMERGENT_VEG_PRES,FLOATING_VEG_PRES,PLANT_REMOVAL_PRES,FLOAT_EMERG_PRES,EXPOSED_CANOPY_PRES,EXPOSED_SHRUB_PRES,EXPOSED_HERB_PRES,EXPOSED_MOW_PRES,EXPOSED_TILL_PRES,NOTES,PLACENAME,COUNTY,LAKE_NAME,WBIC
12-1694,100,N,N,0,0,0,0,100,0,0,0,0,0,0,0,0,0,0,0,0,0,0,0,0,0,0,0,0,0,0,0,0,0,0,0,0,0,0,0,NA,TOWN OF LAND O LAKES,VILAS,Big Portage Lake,1629500
12-1695,95,N,Y,10,30,0,60,0,0,1,0,1,0,0,2,2,2,0,0,0,0,0,200,0,1,1,0,0,0,0,1,0,0,1,0,0,0,0,0,NA,TOWN OF LAND O LAKES,VILAS,Big Portage Lake,1629500
12-1698,95,Y,Y,10,20,10,0,60,0,0,0,8,0,0,2,0,2,0,50,0,0,0,100,0,1,4,0,0,0,0,1,0,0,1,0,0,0,0,0,NA,TOWN OF LAND O LAKES,VILAS,Big Portage Lake,1629500
12-1724-022,70,N,Y,70,0,0,0,30,0,1,0,0,0,0,2,0,2,0,0,0,0,0,0,0,0,2,0,0,0,0,1,0,0,1,0,0,0,0,0,NA,TOWN OF LAND O LAKES,VILAS,Big Portage Lake,1629500
12-1724-021,90,N,N,0,20,40,0,40,0,2,0,0,0,0,2,2,2,0,100,0,0,0,0,0,2,0,0,0,0,0,1,0,0,1,0,0,0,0,0,NA,TOWN OF LAND O LAKES,VILAS,Big Portage Lake,1629500
12-1720,5,N,N,0,5,95,0,0,1,0,0,1,0,0,2,0,2,0,0,0,0,0,0,0,1,1,0,0,0,0,1,0,0,1,0,0,0,0,0,NA,TOWN OF LAND O LAKES,VILAS,Big Portage Lake,1629500
12-1699-01,100,N,Y,20,0,0,0,80,0,0,0,1,0,0,0,0,2,0,0,0,0,0,100,0,1,1,0,0,0,0,0,0,0,0,0,0,0,0,0,NA,TOWN OF LAND O LAKES,VILAS,Big Portage Lake,1629500
12-1703,80,N,Y,10,10,40,0,40,0,2,0,0,0,0,0,0,2,0,0,0,0,0,0,0,2,2,1,0,0,0,0,0,0,0,0,0,0,0,0,NA,TOWN OF LAND O LAKES,VILAS,Big Portage Lake,1629500
12-1724-009,100,Y,Y,50,0,0,0,50,0,0,0,0,0,0,0,0,0,0,0,0,0,0,0,0,0,0,0,0,0,0,0,0,0,0,0,0,0,0,0,NA,TOWN OF LAND O LAKES,VILAS,Big Portage Lake,1629500
12-1724-010,100,Y,Y,50,0,0,0,50,0,0,0,0,0,0,0,0,0,0,0,0,0,0,0,0,0,0,0,0,0,0,0,0,0,0,0,0,0,0,0,NA,TOWN OF LAND O LAKES,VILAS,Big Portage Lake,1629500
12-1724-011,100,Y,Y,50,0,0,0,50,0,0,0,0,0,0,0,0,0,0,0,0,0,0,0,0,0,0,0,0,0,0,0,0,0,0,0,0,0,0,0,NA,TOWN OF LAND O LAKES,VILAS,Big Portage Lake,1629500
12-1724-012,100,N,N,0,0,0,0,100,0,0,0,0,0,0,0,0,0,0,0,0,0,0,0,0,0,0,0,0,0,0,0,0,0,0,0,0,0,0,0,NA,TOWN OF LAND O LAKES,VILAS,Big Portage Lake,1629500
12-1724-013,100,N,N,0,0,0,0,100,0,0,0,0,0,0,0,0,0,0,0,0,0,0,0,0,0,0,0,0,0,0,0,0,0,0,0,0,0,0,0,NA,TOWN OF LAND O LAKES,VILAS,Big Portage Lake,1629500
12-1724-014,100,N,N,0,0,0,0,100,0,0,0,0,0,0,0,0,0,0,0,0,0,0,0,0,0,0,0,0,0,0,0,0,0,0,0,0,0,0,0,NA,TOWN OF LAND O LAKES,VILAS,Big Portage Lake,1629500
12-1724-015,100,N,N,0,0,0,0,100,0,0,0,0,0,0,0,0,0,0,0,0,0,0,0,0,0,0,0,0,0,0,0,0,0,0,0,0,0,0,0,NA,TOWN OF LAND O LAKES,VILAS,Big Portage Lake,1629500
12-1724-016,100,N,N,0,0,0,0,100,0,0,0,0,0,0,0,0,0,0,0,0,0,0,0,0,0,0,0,0,0,0,0,0,0,0,0,0,0,0,0,NA,TOWN OF LAND O LAKES,VILAS,Big Portage Lake,1629500
12-1724-020,100,N,N,0,0,0,0,100,0,0,0,0,0,0,0,0,0,0,0,0,0,0,0,0,0,0,0,0,0,0,0,0,0,0,0,0,0,0,0,NA,TOWN OF LAND O LAKES,VILAS,Big Portage Lake,1629500
12-1724-019,70,N,Y,30,10,0,0,60,0,3,0,1,0,0,2,2,2,0,0,0,0,0,0,0,1,2,0,0,0,0,1,0,0,1,0,0,0,0,0,NA,TOWN OF LAND O LAKES,VILAS,Big Portage Lake,1629500
12-1724-018,100,N,N,0,0,0,0,100,0,0,0,0,0,0,2,0,0,0,0,0,0,0,0,0,0,0,0,0,0,0,0,0,0,0,0,0,0,0,0,NA,TOWN OF LAND O LAKES,VILAS,Big Portage Lake,1629500
12-1724-017,100,N,N,0,0,0,0,100,0,0,0,0,0,0,0,0,0,0,0,0,0,0,0,0,0,0,0,0,0,0,0,0,0,0,0,0,0,0,0,NA,TOWN OF LAND O LAKES,VILAS,Big Portage Lake,1629500
12-1704,30,N,Y,20,0,40,0,40,0,3,1,1,0,0,2,0,2,0,0,100,0,0,0,0,1,1,0,0,0,0,1,0,0,1,0,0,0,0,0,NA,TOWN OF LAND O LAKES,VILAS,Big Portage Lake,1629500
12-1724-004,60,Y,Y,80,0,0,0,20,0,0,0,0,0,0,0,0,0,0,0,0,0,0,100,0,0,0,0,0,0,0,0,0,0,0,0,0,0,0,0,NA,TOWN OF LAND O LAKES,VILAS,Big Portage Lake,1629500
12-2019,85,Y,Y,20,10,10,0,60,0,0,0,0,0,0,0,0,0,0,100,0,0,0,0,0,2,2,1,0,0,0,1,0,0,1,0,0,0,0,0,NA,TOWN OF LAND O LAKES,VILAS,Big Portage Lake,1629500
12-2022,40,N,Y,30,0,30,0,40,0,0,0,2,0,0,2,2,0,0,0,0,0,0,0,0,2,2,0,0,0,0,1,0,0,1,0,0,0,0,0,NA,TOWN OF LAND O LAKES,VILAS,Big Portage Lake,1629500
12-2021,10,N,Y,20,20,50,0,10,1,0,1,1,0,0,2,2,2,0,70,70,0,0,0,0,1,1,0,0,0,0,1,0,0,1,0,0,0,0,0,NA,TOWN OF LAND O LAKES,VILAS,Big Portage Lake,1629500
12-2023,60,N,Y,10,40,40,0,10,1,2,0,3,0,0,2,2,2,0,110,10,0,0,50,0,1,1,1,0,0,0,1,0,0,1,0,0,0,0,0,NA,TOWN OF LAND O LAKES,VILAS,Big Portage Lake,1629500
12-2020,100,Y,Y,40,0,0,0,60,0,1,0,0,0,0,2,2,0,0,0,0,0,0,0,0,1,0,0,0,0,0,1,0,0,1,0,0,0,0,0,NA,TOWN OF LAND O LAKES,VILAS,Big Portage Lake,1629500
12-1702,100,N,Y,5,0,0,0,95,0,0,0,0,0,0,0,0,0,0,0,0,0,0,0,0,0,0,0,0,0,0,0,0,0,0,0,0,0,0,0,NA,TOWN OF LAND O LAKES,VILAS,Big Portage Lake,1629500
12-1701,100,N,N,0,0,0,0,100,0,0,0,0,0,0,0,0,0,0,0,0,0,0,0,0,0,0,0,0,0,0,0,0,0,0,0,0,0,0,0,NA,TOWN OF LAND O LAKES,VILAS,Big Portage Lake,1629500
12-1705,100,N,N,0,0,0,0,100,0,0,0,0,0,0,0,0,0,0,0,0,0,0,0,0,0,0,0,0,0,0,0,0,0,0,0,0,0,0,0,NA,TOWN OF LAND O LAKES,VILAS,Big Portage Lake,1629500
12-1706,80,Y,Y,20,0,0,0,80,0,1,0,0,0,0,0,2,0,0,0,0,0,0,0,0,2,0,0,0,0,0,1,0,0,1,0,0,0,0,0,NA,TOWN OF LAND O LAKES,VILAS,Big Portage Lake,1629500
12-1707,40,Y,Y,10,0,90,0,0,1,0,1,3,0,0,0,0,0,0,0,60,0,0,0,0,1,0,0,0,0,0,1,0,0,1,0,0,0,0,0,NA,TOWN OF LAND O LAKES,VILAS,Big Portage Lake,1629500
12-2025,95,Y,Y,5,0,15,0,80,0,3,0,1,0,0,2,2,0,0,0,0,0,0,0,0,1,0,1,0,0,0,1,0,0,1,0,0,0,0,0,NA,TOWN OF LAND O LAKES,VILAS,Big Portage Lake,1629500
12-2026,100,N,N,0,0,0,0,100,0,0,0,0,0,0,0,0,0,0,0,0,0,0,0,0,0,0,0,0,0,0,0,0,0,0,0,0,0,0,0,NA,TOWN OF LAND O LAKES,VILAS,Big Portage Lake,1629500
12-2027,100,N,N,0,0,0,0,100,0,0,0,0,0,0,0,0,0,0,0,0,0,0,0,0,0,0,0,0,0,0,0,0,0,0,0,0,0,0,0,NA,TOWN OF LAND O LAKES,VILAS,Big Portage Lake,1629500
12-2024,100,N,Y,10,0,10,0,80,0,4,0,3,0,0,2,0,0,0,0,0,0,0,0,0,1,1,1,0,0,0,1,0,0,1,0,0,0,0,0,NA,TOWN OF LAND O LAKES,VILAS,Big Portage Lake,1629500
12-2028,100,N,N,0,0,0,0,100,0,0,0,0,0,0,0,0,0,0,0,0,0,0,0,0,0,0,0,0,0,0,0,0,0,0,0,0,0,0,0,NA,TOWN OF LAND O LAKES,VILAS,Big Portage Lake,1629500
12-2029,90,N,Y,25,10,5,0,60,0,0,0,3,0,0,2,2,0,0,0,0,0,0,0,0,1,0,0,0,0,0,0,0,0,0,0,0,0,0,0,NA,TOWN OF LAND O LAKES,VILAS,Big Portage Lake,1629500
12-2030,100,N,N,0,0,0,0,100,1,5,0,2,0,0,2,2,0,0,0,0,0,0,0,0,2,1,0,0,0,0,1,0,0,1,0,0,0,0,0,NA,TOWN OF LAND O LAKES,VILAS,Big Portage Lake,1629500
12-2031-01,90,N,Y,50,10,20,0,20,0,5,1,0,0,0,0,2,2,0,50,0,0,0,10,0,2,1,0,0,0,0,0,0,0,0,0,0,0,0,0,NA,TOWN OF LAND O LAKES,VILAS,Big Portage Lake,1629500
12-2031,95,N,Y,10,0,0,0,90,0,0,0,1,0,2,2,2,2,0,0,0,0,0,100,0,1,0,0,0,0,0,0,0,0,0,0,0,0,0,0,NA,TOWN OF LAND O LAKES,VILAS,Big Portage Lake,1629500
12-2031-09,100,N,Y,50,0,0,0,50,0,0,0,0,0,0,0,0,0,0,0,0,0,0,0,0,0,0,0,0,0,0,0,0,0,0,0,0,0,0,0,NA,TOWN OF LAND O LAKES,VILAS,Big Portage Lake,1629500
12-2032,100,Y,Y,100,0,0,0,0,0,0,0,0,0,0,0,0,0,0,0,0,0,0,0,0,0,0,0,0,0,0,0,0,0,0,0,0,0,0,0,NA,TOWN OF LAND O LAKES,VILAS,Big Portage Lake,1629500
12-2049,90,N,Y,25,20,50,0,5,1,0,0,1,0,0,2,2,2,0,40,40,0,0,0,0,1,1,0,0,0,0,0,0,0,0,0,0,0,0,0,NA,TOWN OF LAND O LAKES,VILAS,Big Portage Lake,1629500
12-2050,80,Y,Y,80,0,0,0,20,0,0,0,1,0,0,0,0,0,0,0,0,0,0,0,0,0,0,0,0,0,0,1,1,0,2,0,0,0,0,0,NA,TOWN OF LAND O LAKES,VILAS,Big Portage Lake,1629500
12-2051,85,Y,Y,60,0,20,0,20,0,1,1,1,0,2,2,2,0,0,0,0,0,0,50,0,1,0,0,0,0,0,1,0,0,1,0,0,0,0,0,NA,TOWN OF LAND O LAKES,VILAS,Big Portage Lake,1629500
12-2052,70,Y,Y,30,40,0,0,30,0,1,1,7,0,0,2,2,2,0,100,0,100,150,75,0,2,2,1,0,0,0,0,0,0,0,0,0,0,0,0,NA,TOWN OF LAND O LAKES,VILAS,Big Portage Lake,1629500
12-2053,95,N,Y,50,0,50,0,0,1,4,0,1,0,0,0,0,0,0,0,0,0,0,0,15,1,2,1,0,0,0,1,0,0,1,0,0,0,0,0,NA,TOWN OF LAND O LAKES,VILAS,Big Portage Lake,1629500
12-2054,80,N,Y,20,0,50,0,30,0,0,0,1,0,0,0,0,2,0,0,0,0,0,0,0,1,0,0,0,0,0,0,0,0,0,0,0,0,0,0,NA,TOWN OF LAND O LAKES,VILAS,Big Portage Lake,1629500
12-2055,100,N,Y,60,0,0,0,40,0,0,0,0,0,0,2,2,0,0,0,100,0,0,0,0,1,1,0,0,0,0,0,0,0,0,0,0,0,0,0,NA,TOWN OF LAND O LAKES,VILAS,Big Portage Lake,1629500
12-2056,60,N,Y,95,0,0,0,5,0,0,0,4,0,0,2,2,0,0,0,10,0,0,0,0,1,0,1,0,0,0,0,0,0,0,0,0,0,0,0,NA,TOWN OF LAND O LAKES,VILAS,Big Portage Lake,1629500
12-2057,100,N,Y,45,0,0,0,55,0,0,0,0,0,0,2,0,0,0,0,0,0,0,0,0,1,0,0,0,0,0,0,0,0,0,0,0,0,0,0,NA,TOWN OF LAND O LAKES,VILAS,Big Portage Lake,1629500
12-2058,100,Y,Y,40,0,10,0,50,0,0,0,0,0,0,2,2,0,0,0,0,0,0,0,0,0,0,0,0,0,0,1,0,0,1,0,0,0,0,0,NA,TOWN OF LAND O LAKES,VILAS,Big Portage Lake,1629500
12-2059,100,Y,Y,50,0,0,0,50,0,0,0,0,0,0,2,2,0,0,5,5,0,0,0,0,1,1,0,0,0,0,0,0,0,0,0,0,0,0,0,NA,TOWN OF LAND O LAKES,VILAS,Big Portage Lake,1629500
12-2060,100,N,N,0,10,0,0,90,0,3,0,0,0,0,2,2,0,0,0,0,0,0,0,0,1,0,0,0,0,0,0,0,0,0,0,0,0,0,0,NA,TOWN OF LAND O LAKES,VILAS,Big Portage Lake,1629500
12-2061,100,Y,Y,40,5,0,0,55,0,1,0,2,0,0,2,2,0,0,8,0,0,0,0,0,1,1,0,0,0,0,0,0,0,0,0,0,0,0,0,NA,TOWN OF LAND O LAKES,VILAS,Big Portage Lake,1629500
12-2062,95,Y,N,20,0,30,0,50,0,0,0,1,0,0,0,0,0,0,0,5,0,0,0,0,2,1,0,0,0,0,1,0,0,1,0,0,0,0,0,NA,TOWN OF LAND O LAKES,VILAS,Big Portage Lake,1629500
12-2063,100,Y,Y,40,0,0,0,60,0,2,0,0,0,0,0,2,0,0,0,0,0,0,0,0,2,1,0,0,0,0,1,1,0,2,0,0,0,0,0,NA,TOWN OF LAND O LAKES,VILAS,Big Portage Lake,1629500
12-2064,70,Y,Y,80,10,10,0,0,0,4,0,0,0,0,2,2,0,0,0,5,0,0,0,0,2,1,0,0,0,0,1,0,0,1,0,0,0,0,0,NA,TOWN OF LAND O LAKES,VILAS,Big Portage Lake,1629500
12-2065,100,Y,Y,70,0,0,0,30,0,0,0,0,0,0,0,0,0,0,0,0,0,0,0,0,0,0,0,0,0,0,0,0,0,0,0,0,0,0,0,NA,TOWN OF LAND O LAKES,VILAS,Big Portage Lake,1629500
12-2066,100,Y,Y,80,0,20,0,0,0,1,1,0,0,0,2,2,0,0,10,0,0,0,0,0,1,1,0,0,0,0,1,0,0,1,0,0,0,0,0,NA,TOWN OF LAND O LAKES,VILAS,Big Portage Lake,1629500
12-2067,100,Y,Y,65,10,15,0,10,0,2,0,1,0,0,2,2,2,0,150,30,0,0,0,0,2,2,0,0,0,0,1,0,0,1,0,0,0,0,0,NA,TOWN OF LAND O LAKES,VILAS,Big Portage Lake,1629500
12-2068,95,Y,Y,85,5,10,0,0,0,1,0,2,0,0,2,2,0,0,0,0,0,0,0,0,1,1,0,0,0,0,1,0,0,1,0,0,0,0,0,NA,TOWN OF LAND O LAKES,VILAS,Big Portage Lake,1629500
12-2069,100,Y,Y,80,0,0,0,20,0,0,0,0,0,0,0,0,0,0,0,0,0,0,0,0,0,0,0,0,0,0,0,0,0,0,0,0,0,0,0,NA,TOWN OF LAND O LAKES,VILAS,Big Portage Lake,1629500
12-2070,90,Y,Y,100,0,0,0,0,0,0,0,0,0,0,0,0,0,0,0,0,0,0,0,0,0,0,0,0,0,0,1,0,0,1,0,0,0,0,0,NA,TOWN OF LAND O LAKES,VILAS,Big Portage Lake,1629500
12-2071,95,N,Y,90,10,0,0,0,0,1,0,0,0,0,2,2,0,0,0,0,0,0,0,0,1,1,0,0,0,0,1,0,0,1,0,0,0,0,0,NA,TOWN OF LAND O LAKES,VILAS,Big Portage Lake,1629500
12-2072,90,Y,Y,70,0,0,0,30,0,1,0,1,0,0,2,0,0,0,0,0,0,0,0,0,1,0,0,0,0,0,1,0,0,1,0,0,0,0,0,NA,TOWN OF LAND O LAKES,VILAS,Big Portage Lake,1629500
12-2073,100,Y,Y,60,0,40,0,0,0,1,0,0,0,0,2,2,0,0,0,0,0,0,0,15,1,2,0,0,0,0,1,0,0,1,0,0,0,0,0,NA,TOWN OF LAND O LAKES,VILAS,Big Portage Lake,1629500
12-2074,90,N,Y,5,5,0,0,90,1,0,1,2,0,0,2,2,0,0,0,100,50,0,0,0,1,1,0,0,0,0,1,0,0,1,0,0,0,0,0,NA,TOWN OF LAND O LAKES,VILAS,Big Portage Lake,1629500
12-2005-03,100,N,N,0,0,0,0,100,0,0,0,0,0,0,0,0,0,0,0,0,0,0,0,0,0,0,0,0,0,0,0,0,0,0,0,0,0,0,0,NA,TOWN OF LAND O LAKES,VILAS,Big Portage Lake,1629500
12-2005-02,80,Y,Y,20,40,20,0,20,1,13,1,2,0,0,2,2,2,0,30,0,0,40,0,0,2,0,0,0,0,0,1,1,1,2,0,0,0,0,0,NA,TOWN OF LAND O LAKES,VILAS,Big Portage Lake,1629500
12-2002,100,N,N,0,20,0,0,80,0,2,0,2,0,2,2,2,2,0,10,0,0,0,0,0,1,0,0,0,0,0,1,0,0,1,0,0,0,0,0,NA,TOWN OF LAND O LAKES,VILAS,Big Portage Lake,1629500
12-2001-01,100,Y,Y,20,20,0,0,60,0,4,0,2,0,2,2,2,0,0,20,0,0,0,0,0,1,2,0,0,0,0,0,0,0,0,0,0,0,0,0,NA,TOWN OF LAND O LAKES,VILAS,Big Portage Lake,1629500
12-2001,100,N,Y,10,50,10,0,30,2,2,0,0,0,0,2,2,0,0,50,100,0,0,0,0,1,1,0,0,0,0,0,0,0,0,0,0,0,0,0,NA,TOWN OF LAND O LAKES,VILAS,Big Portage Lake,1629500
12-2004,100,N,N,0,0,0,0,100,0,0,0,0,0,0,0,0,0,0,0,0,0,0,0,0,0,0,0,0,0,0,0,0,0,0,0,0,0,0,0,NA,TOWN OF LAND O LAKES,VILAS,Big Portage Lake,1629500
12-2005,30,N,N,0,10,80,0,10,1,2,0,4,0,0,0,0,0,0,0,0,0,0,0,0,1,0,0,0,0,0,0,0,0,0,0,0,0,0,0,NA,TOWN OF LAND O LAKES,VILAS,Big Portage Lake,1629500
12-2000,40,N,N,0,10,60,0,30,1,0,1,7,0,0,2,0,2,0,0,0,0,0,0,0,1,0,0,0,0,0,1,0,0,1,0,0,0,0,0,NA,TOWN OF LAND O LAKES,VILAS,Big Portage Lake,1629500
12-2007,70,N,Y,20,0,40,0,40,1,5,1,0,0,0,2,0,2,0,0,0,0,0,0,0,1,0,0,0,0,0,1,0,0,1,0,0,0,0,0,NA,TOWN OF LAND O LAKES,VILAS,Big Portage Lake,1629500
12-1997,55,N,Y,10,10,40,0,40,0,4,1,2,0,0,2,0,2,0,0,0,0,0,0,0,1,0,0,0,0,0,1,0,0,1,0,0,0,0,0,NA,TOWN OF LAND O LAKES,VILAS,Big Portage Lake,1629500
12-1998,50,N,Y,10,0,50,0,40,1,2,0,1,0,0,0,0,0,0,0,0,0,0,0,0,0,0,0,0,0,0,1,0,0,1,0,0,0,0,0,NA,TOWN OF LAND O LAKES,VILAS,Big Portage Lake,1629500
12-2018-001,95,N,Y,20,10,20,0,50,1,3,0,8,0,0,2,2,2,0,0,0,0,0,0,0,1,3,1,0,0,0,1,0,0,1,0,0,0,0,0,NA,TOWN OF LAND O LAKES,VILAS,Big Portage Lake,1629500
12-1988,90,N,N,0,0,50,0,50,0,0,0,0,0,0,0,0,0,0,0,0,0,0,0,0,1,2,0,0,0,0,1,0,0,1,0,0,0,0,0,NA,TOWN OF LAND O LAKES,VILAS,Big Portage Lake,1629500
12-1996-01,100,N,N,0,0,0,0,100,0,0,0,3,0,0,0,2,0,0,0,0,0,0,0,0,0,0,0,0,0,0,1,0,0,1,0,0,0,0,0,NA,TOWN OF LAND O LAKES,VILAS,Big Portage Lake,1629500
12-1990,100,N,N,0,10,0,0,90,1,1,0,2,0,0,2,2,0,0,0,0,0,0,0,0,1,1,0,0,0,0,1,0,0,1,0,0,0,0,0,NA,TOWN OF LAND O LAKES,VILAS,Big Portage Lake,1629500
12-1996,100,N,N,0,5,0,0,95,0,0,0,1,0,0,2,2,0,0,0,0,0,0,0,0,1,0,0,0,0,0,1,0,0,1,0,0,0,0,0,NA,TOWN OF LAND O LAKES,VILAS,Big Portage Lake,1629500
12-1991,100,Y,Y,30,10,0,0,60,1,2,0,3,0,0,2,2,0,0,0,0,0,0,0,0,1,1,0,0,0,0,1,0,0,1,0,0,0,0,0,NA,TOWN OF LAND O LAKES,VILAS,Big Portage Lake,1629500
12-2037,100,N,N,0,20,0,0,80,1,1,0,2,0,0,2,2,0,0,0,0,5,0,0,0,1,0,0,0,0,0,1,0,0,1,0,0,0,0,0,NA,TOWN OF LAND O LAKES,VILAS,Big Portage Lake,1629500
12-2038,100,N,N,0,10,10,0,80,0,2,1,4,0,0,2,2,0,0,0,5,0,0,0,0,1,0,0,0,0,0,1,0,0,1,0,0,0,0,0,NA,TOWN OF LAND O LAKES,VILAS,Big Portage Lake,1629500
12-2043-01,100,N,Y,30,0,0,0,70,2,1,0,0,0,0,2,2,0,0,0,0,0,0,0,0,1,0,0,0,0,0,1,0,0,1,0,0,0,0,0,NA,TOWN OF LAND O LAKES,VILAS,Big Portage Lake,1629500
12-2042,20,N,N,0,10,90,0,0,0,1,0,0,0,0,2,2,2,0,0,0,0,0,0,0,1,0,1,0,0,0,0,0,0,0,0,0,0,0,0,NA,TOWN OF LAND O LAKES,VILAS,Big Portage Lake,1629500
12-2035,100,N,N,0,10,70,0,20,1,0,0,6,0,0,2,0,0,0,10,0,0,0,0,0,1,2,0,0,0,0,0,0,0,0,0,0,0,0,0,NA,TOWN OF LAND O LAKES,VILAS,Big Portage Lake,1629500
12-2040,100,Y,Y,30,10,0,0,60,0,2,0,0,0,0,0,0,0,0,0,0,0,0,0,0,1,0,0,0,0,0,0,0,0,0,0,0,0,0,0,NA,TOWN OF LAND O LAKES,VILAS,Big Portage Lake,1629500
12-2039,80,N,Y,10,30,30,0,30,1,3,1,8,0,2,2,2,2,0,0,0,0,0,0,0,2,0,0,1,0,0,0,0,0,0,0,0,0,0,0,NA,TOWN OF LAND O LAKES,VILAS,Big Portage Lake,1629500
12-2043,100,N,N,0,40,0,0,60,0,2,0,7,0,0,2,2,0,0,0,0,0,0,0,0,2,3,0,0,0,0,1,0,0,1,0,0,0,0,0,NA,TOWN OF LAND O LAKES,VILAS,Big Portage Lake,1629500
12-2041,100,N,N,0,0,0,0,100,0,0,0,0,0,0,0,0,0,0,0,0,0,0,0,0,0,0,0,0,0,0,0,0,0,0,0,0,0,0,0,NA,TOWN OF LAND O LAKES,VILAS,Big Portage Lake,1629500
12-2034,100,N,Y,10,10,0,0,80,2,2,0,3,0,0,2,0,0,0,0,0,0,0,0,0,2,0,0,0,0,0,0,0,0,0,0,0,0,0,0,NA,TOWN OF LAND O LAKES,VILAS,Big Portage Lake,1629500
12-1992,100,N,N,0,5,5,0,90,1,0,1,2,0,0,2,2,0,0,0,0,0,0,0,0,1,0,0,0,0,0,1,1,0,2,0,0,0,0,0,NA,TOWN OF LAND O LAKES,VILAS,Big Portage Lake,1629500
12-1989,100,N,N,20,10,0,0,70,1,1,1,2,0,0,2,2,0,0,0,0,0,0,0,0,1,1,0,1,0,0,1,0,0,1,0,0,0,0,0,NA,TOWN OF LAND O LAKES,VILAS,Big Portage Lake,1629500
12-1989-02,100,N,N,0,0,0,0,100,0,0,0,0,0,0,0,0,0,0,0,0,0,0,0,0,0,0,0,0,0,0,0,0,0,0,0,0,0,0,0,NA,TOWN OF LAND O LAKES,VILAS,Big Portage Lake,1629500
12-1987-01,100,N,N,0,10,0,0,90,1,0,0,0,0,0,2,2,0,0,0,0,0,0,0,0,1,2,0,1,0,0,0,0,0,0,0,0,0,0,0,NA,TOWN OF LAND O LAKES,VILAS,Big Portage Lake,1629500
12-1987-02,100,Y,Y,40,10,0,0,50,1,4,1,18,0,0,0,0,0,0,0,0,0,0,0,0,1,1,1,0,0,0,1,0,0,1,0,0,0,0,0,NA,TOWN OF LAND O LAKES,VILAS,Big Portage Lake,1629500
12-1986,100,N,N,0,0,0,0,100,0,0,0,0,0,0,2,0,0,0,0,0,0,0,0,0,0,0,0,0,0,0,0,0,0,0,0,0,0,0,0,NA,TOWN OF LAND O LAKES,VILAS,Big Portage Lake,1629500
12-1987,100,N,N,0,0,0,0,100,0,0,0,0,0,0,2,0,0,0,0,0,0,0,0,0,0,0,0,0,0,0,0,0,0,0,0,0,0,0,0,NA,TOWN OF LAND O LAKES,VILAS,Big Portage Lake,1629500
12-1981,30,Y,Y,10,10,70,0,10,1,3,1,4,0,0,2,2,2,2,0,0,0,0,0,0,2,0,0,0,0,0,0,0,0,0,0,0,0,0,0,NA,TOWN OF LAND O LAKES,VILAS,Big Portage Lake,1629500
12-1983,40,N,Y,20,30,30,0,20,0,4,0,20,0,0,1,0,2,0,150,0,0,200,0,0,1,1,0,0,0,0,1,0,0,1,0,0,0,0,0,NA,TOWN OF LAND O LAKES,VILAS,Big Portage Lake,1629500
12-1982,100,N,N,0,0,0,0,100,0,1,0,2,0,0,2,2,0,0,0,0,0,0,0,0,0,0,0,0,0,0,0,0,0,0,0,0,0,0,0,NA,TOWN OF LAND O LAKES,VILAS,Big Portage Lake,1629500
12-1984,20,N,Y,10,20,60,0,10,1,0,0,3,0,0,2,2,0,2,150,150,0,0,0,0,1,0,0,0,0,0,1,0,0,1,0,0,0,0,0,NA,TOWN OF LAND O LAKES,VILAS,Big Portage Lake,1629500
12-1747,100,N,Y,20,10,0,0,70,0,1,0,3,0,0,2,2,0,0,0,0,0,0,0,0,1,1,0,0,0,0,1,0,0,1,0,0,0,0,0,NA,TOWN OF LAND O LAKES,VILAS,Big Portage Lake,1629500
12-1744,100,Y,Y,60,10,0,0,30,0,3,0,3,0,0,0,2,0,0,0,0,0,0,0,0,1,1,0,0,0,0,1,0,0,1,0,0,0,0,0,NA,TOWN OF LAND O LAKES,VILAS,Big Portage Lake,1629500
12-1739,100,Y,Y,50,10,0,0,40,1,1,0,2,0,0,0,2,2,0,0,0,0,0,0,0,1,1,0,0,0,0,1,0,0,1,0,0,0,0,0,NA,TOWN OF LAND O LAKES,VILAS,Big Portage Lake,1629500
12-1741,100,N,Y,30,20,0,0,50,1,4,1,5,0,2,2,2,2,0,15,0,0,0,0,0,1,1,0,0,0,0,0,0,0,0,0,0,0,0,0,NA,TOWN OF LAND O LAKES,VILAS,Big Portage Lake,1629500
12-1742,100,N,Y,40,10,0,0,50,1,1,0,0,0,0,2,2,2,0,0,0,0,0,0,0,1,1,0,0,0,0,0,0,0,0,0,0,0,0,0,NA,TOWN OF LAND O LAKES,VILAS,Big Portage Lake,1629500
12-1740,100,Y,Y,50,0,0,0,50,0,0,0,2,0,0,2,0,0,0,0,0,0,0,0,0,0,0,0,0,0,0,0,0,0,0,0,0,0,0,0,NA,TOWN OF LAND O LAKES,VILAS,Big Portage Lake,1629500
12-1728,100,Y,Y,10,10,70,0,10,0,1,1,5,0,0,0,2,2,0,0,0,0,0,0,0,1,1,0,0,0,0,0,0,0,0,0,0,0,0,0,NA,TOWN OF LAND O LAKES,VILAS,Big Portage Lake,1629500
12-1729,95,N,Y,10,10,70,0,10,1,2,1,2,0,0,2,0,2,0,0,0,0,0,0,0,1,1,0,0,0,0,1,0,0,1,0,0,0,0,0,NA,TOWN OF LAND O LAKES,VILAS,Big Portage Lake,1629500
12-1730,60,Y,Y,10,10,0,0,80,1,6,0,1,0,0,0,0,2,0,0,0,0,0,0,0,1,0,0,0,0,0,0,0,0,0,0,0,0,0,0,NA,TOWN OF LAND O LAKES,VILAS,Big Portage Lake,1629500
12-1731,10,Y,Y,10,10,0,0,80,0,1,0,3,0,0,0,0,2,0,0,0,0,0,0,0,1,1,0,0,0,0,0,0,0,0,0,0,0,0,0,NA,TOWN OF LAND O LAKES,VILAS,Big Portage Lake,1629500
12-1727,100,N,Y,30,20,10,0,40,1,3,0,1,0,0,0,0,2,0,0,0,0,0,0,0,1,0,0,0,0,0,0,0,0,0,0,0,0,0,0,NA,TOWN OF LAND O LAKES,VILAS,Big Portage Lake,1629500
12-1726,80,N,Y,20,20,0,0,60,0,0,1,4,0,0,2,0,0,0,0,0,0,0,0,0,0,0,0,0,0,0,1,0,0,1,0,0,0,0,0,NA,TOWN OF LAND O LAKES,VILAS,Big Portage Lake,1629500
12-1783,80,N,N,0,10,40,0,50,1,0,1,3,0,0,2,2,2,0,80,0,0,0,0,0,1,2,0,0,0,0,0,0,0,0,0,0,0,0,0,NA,TOWN OF LAND O LAKES,VILAS,Big Portage Lake,1629500
12-1782,100,N,N,0,0,0,0,100,0,0,0,0,0,0,0,0,0,0,0,0,0,0,0,0,0,0,0,0,0,0,0,0,0,0,0,0,0,0,0,NA,TOWN OF LAND O LAKES,VILAS,Big Portage Lake,1629500
12-1780,100,N,Y,10,0,80,0,10,0,1,1,4,0,0,0,0,0,0,0,0,0,0,0,0,1,0,0,0,0,0,1,0,0,1,0,0,0,0,0,NA,TOWN OF LAND O LAKES,VILAS,Big Portage Lake,1629500
12-1781,100,N,N,0,0,0,0,100,0,0,0,0,0,0,0,0,0,0,0,0,0,0,0,0,0,0,0,0,0,0,0,0,0,0,0,0,0,0,0,NA,TOWN OF LAND O LAKES,VILAS,Big Portage Lake,1629500
12-1779,60,N,Y,20,10,60,0,10,1,0,0,1,0,0,2,0,0,0,60,0,0,0,0,0,0,0,0,0,0,0,0,0,0,0,0,0,0,0,0,NA,TOWN OF LAND O LAKES,VILAS,Big Portage Lake,1629500
12-1778,90,N,Y,70,10,20,0,0,0,1,1,1,0,0,2,0,0,0,80,0,0,0,0,0,0,0,0,0,0,0,1,0,0,1,0,0,0,0,0,NA,TOWN OF LAND O LAKES,VILAS,Big Portage Lake,1629500
12-1777,100,N,N,0,0,0,0,100,0,0,0,0,0,0,0,0,0,0,0,0,0,0,0,0,0,0,0,0,0,0,0,0,0,0,0,0,0,0,0,NA,TOWN OF LAND O LAKES,VILAS,Big Portage Lake,1629500
12-1776,90,Y,Y,50,20,30,0,0,0,2,0,0,0,0,2,2,0,0,0,0,0,0,60,0,1,1,0,0,0,0,1,0,0,1,0,0,0,0,0,NA,TOWN OF LAND O LAKES,VILAS,Big Portage Lake,1629500
12-1775,90,N,Y,50,20,30,0,0,0,2,0,1,0,0,2,2,0,0,0,15,0,0,60,0,1,1,0,0,0,0,0,0,0,0,0,0,0,0,0,NA,TOWN OF LAND O LAKES,VILAS,Big Portage Lake,1629500
12-1774,30,N,N,0,50,30,0,20,1,2,0,0,0,0,2,2,0,0,50,0,0,0,75,0,1,1,0,0,0,0,1,0,0,1,0,0,0,0,0,NA,TOWN OF LAND O LAKES,VILAS,Big Portage Lake,1629500
12-1773,20,N,N,0,50,40,0,10,1,2,0,0,0,0,2,2,0,0,80,0,0,0,0,0,1,1,0,0,0,0,0,0,0,0,0,0,0,0,0,NA,TOWN OF LAND O LAKES,VILAS,Big Portage Lake,1629500
12-1772,100,N,N,0,0,0,0,100,0,0,0,1,0,0,0,0,0,0,0,0,0,0,0,0,0,0,0,0,0,0,0,0,0,0,0,0,0,0,0,NA,TOWN OF LAND O LAKES,VILAS,Big Portage Lake,1629500
12-1771,90,N,Y,10,20,10,0,60,1,2,0,1,0,0,2,2,0,0,0,0,0,0,0,0,2,2,1,0,0,0,0,0,0,0,0,0,0,0,0,NA,TOWN OF LAND O LAKES,VILAS,Big Portage Lake,1629500
12-1770,100,N,N,0,0,0,0,100,0,0,0,1,0,0,0,0,0,0,0,0,0,0,0,0,0,0,0,0,0,0,0,0,0,0,0,0,0,0,0,NA,TOWN OF LAND O LAKES,VILAS,Big Portage Lake,1629500
12-1769,30,N,N,0,0,50,0,50,1,5,0,3,0,0,2,2,2,0,150,0,0,0,0,0,1,2,1,1,0,0,0,0,0,0,0,0,0,0,0,NA,TOWN OF LAND O LAKES,VILAS,Big Portage Lake,1629500
12-1768,100,N,N,10,10,80,0,0,0,1,0,0,0,0,2,0,2,0,100,0,0,0,0,0,1,0,0,0,0,0,0,0,0,0,0,0,0,0,0,NA,TOWN OF LAND O LAKES,VILAS,Big Portage Lake,1629500
12-1767,10,N,Y,10,10,80,0,0,1,2,0,0,0,0,2,0,2,0,100,0,0,0,0,0,1,0,0,0,0,0,1,0,0,1,0,0,0,0,0,NA,TOWN OF LAND O LAKES,VILAS,Big Portage Lake,1629500
12-1766,10,N,Y,10,0,90,0,0,0,2,0,1,0,0,2,0,0,0,100,0,0,0,100,0,1,0,0,0,0,0,0,0,0,0,0,0,0,0,0,NA,TOWN OF LAND O LAKES,VILAS,Big Portage Lake,1629500
12-1765,30,N,Y,20,40,40,0,0,1,1,0,1,0,0,2,2,0,0,0,0,0,0,0,0,2,1,0,0,0,0,0,0,0,0,0,0,0,0,0,NA,TOWN OF LAND O LAKES,VILAS,Big Portage Lake,1629500
12-1763,100,N,N,0,0,0,0,100,0,0,0,0,0,0,0,0,0,0,0,0,0,0,0,0,0,0,0,0,0,0,0,0,0,0,0,0,0,0,0,NA,TOWN OF LAND O LAKES,VILAS,Big Portage Lake,1629500
12-1762,100,Y,Y,30,0,20,0,50,0,0,0,0,0,0,2,0,2,0,0,0,0,0,0,0,1,1,0,0,0,0,1,0,0,1,0,0,0,0,0,NA,TOWN OF LAND O LAKES,VILAS,Big Portage Lake,1629500
12-1761,20,N,Y,10,0,80,0,10,1,2,1,6,0,0,2,0,0,0,0,0,0,0,0,0,1,0,0,0,0,0,1,0,0,1,0,0,0,0,0,NA,TOWN OF LAND O LAKES,VILAS,Big Portage Lake,1629500
12-1760,100,N,N,0,0,0,0,100,0,0,0,0,0,0,0,0,0,0,0,0,0,0,0,0,0,0,0,0,0,0,0,0,0,0,0,0,0,0,0,NA,TOWN OF LAND O LAKES,VILAS,Big Portage Lake,1629500
12-1759,50,N,Y,20,0,80,0,0,0,1,1,3,0,0,0,0,2,0,100,0,0,0,75,0,0,0,0,0,0,0,1,0,0,1,0,0,0,0,0,NA,TOWN OF LAND O LAKES,VILAS,Big Portage Lake,1629500
12-1758,60,N,Y,20,10,40,0,30,0,4,1,11,0,0,0,0,2,0,0,100,0,0,0,0,1,1,0,0,0,0,1,0,0,1,0,0,0,0,0,NA,TOWN OF LAND O LAKES,VILAS,Big Portage Lake,1629500
12-1757,100,N,N,0,0,0,0,100,0,0,0,0,0,0,0,0,0,0,0,0,0,0,0,0,0,0,0,0,0,0,0,0,0,0,0,0,0,0,0,NA,TOWN OF LAND O LAKES,VILAS,Big Portage Lake,1629500
12-1756,100,N,N,0,0,0,0,100,0,0,0,0,0,0,0,0,0,0,0,0,0,0,0,0,0,0,0,0,0,0,0,0,0,0,0,0,0,0,0,NA,TOWN OF LAND O LAKES,VILAS,Big Portage Lake,1629500
12-1754,5,Y,Y,100,0,0,0,0,0,0,0,1,0,0,0,0,0,0,0,0,0,0,0,0,0,0,0,0,0,0,1,1,0,2,0,0,0,0,0,NA,TOWN OF LAND O LAKES,VILAS,Big Portage Lake,1629500
22-612-02,100,Y,Y,90,0,0,0,10,0,0,0,1,0,0,0,0,0,0,0,0,0,0,0,0,0,0,0,0,0,1,1,1,0,2,0,0,0,0,0,NA,TOWN OF PRESQUE ISLE,VILAS,Papoose Lake,2328700
22-634-15,100,Y,Y,90,0,0,0,10,0,0,0,0,0,0,2,0,0,0,0,0,0,0,0,0,0,0,0,0,0,0,1,1,0,2,0,0,0,0,0,All natural but small narrow trail,TOWN OF PRESQUE ISLE,VILAS,Papoose Lake,2328700
22-634-16,100,Y,Y,70,5,5,0,20,0,1,0,1,0,0,2,2,0,0,0,0,0,0,0,0,1,2,0,0,0,0,0,0,0,0,0,0,0,0,0,NA,TOWN OF PRESQUE ISLE,VILAS,Papoose Lake,2328700
28-756,100,Y,Y,90,0,0,0,10,0,0,0,0,0,0,0,0,0,0,0,0,0,0,0,0,0,0,0,0,0,0,0,0,0,0,0,0,0,0,0,NA,TOWN OF WINCHESTER,VILAS,Papoose Lake,2328700
28-757,90,Y,Y,55,5,10,0,30,0,0,0,3,0,0,2,2,0,0,0,0,0,0,0,0,1,1,1,0,0,0,0,0,0,0,0,0,0,0,0,NA,TOWN OF WINCHESTER,VILAS,Papoose Lake,2328700
28-757,90,Y,Y,55,5,10,0,30,0,0,0,3,0,0,2,2,0,0,0,0,0,0,0,0,1,1,1,0,0,0,0,0,0,0,0,0,0,0,0,NA,TOWN OF WINCHESTER,VILAS,Papoose Lake,2328700
28-758-02,100,Y,Y,95,0,0,0,5,0,0,0,0,0,0,0,0,0,0,0,0,0,0,0,0,0,0,0,0,0,0,0,0,0,0,0,0,0,0,0,NA,TOWN OF WINCHESTER,VILAS,Papoose Lake,2328700
28-758-01,90,Y,Y,60,10,10,0,20,1,0,0,0,0,0,2,2,0,0,0,5,0,0,0,0,1,1,0,0,0,0,0,0,0,0,0,0,0,0,0,NA,TOWN OF WINCHESTER,VILAS,Papoose Lake,2328700
28-767,95,Y,Y,60,20,10,0,10,0,1,0,2,0,0,2,2,0,0,0,0,0,0,0,0,1,1,0,0,0,0,0,0,0,0,0,0,0,0,0,NA,TOWN OF WINCHESTER,VILAS,Papoose Lake,2328700
28-772,95,Y,Y,70,5,0,0,25,0,2,0,2,0,0,2,0,0,0,0,0,0,0,0,0,1,1,0,0,0,0,0,0,0,0,0,0,0,0,0,NA,TOWN OF WINCHESTER,VILAS,Papoose Lake,2328700
28-768,75,Y,Y,70,10,0,0,20,0,2,0,1,0,0,2,0,0,0,0,0,0,0,0,15,0,0,0,0,0,0,0,0,0,0,0,0,0,0,0,NA,TOWN OF WINCHESTER,VILAS,Papoose Lake,2328700
28-769,70,Y,Y,50,10,10,0,30,0,0,0,4,0,0,2,2,0,0,0,100,0,0,0,0,2,0,0,0,0,1,0,0,0,0,0,0,0,0,0,NA,TOWN OF WINCHESTER,VILAS,Papoose Lake,2328700
28-774,100,Y,Y,80,0,0,0,20,0,0,0,0,0,0,0,0,0,0,0,0,0,0,0,0,0,0,0,0,0,0,0,0,0,0,0,0,0,0,0,NA,TOWN OF WINCHESTER,VILAS,Papoose Lake,2328700
28-776-05,100,Y,Y,70,0,0,0,30,0,0,0,0,0,0,0,0,0,0,0,0,0,0,0,0,0,0,0,0,0,0,0,0,0,0,0,0,0,0,0,NA,TOWN OF WINCHESTER,VILAS,Papoose Lake,2328700
28-763,100,Y,Y,60,0,5,0,35,1,1,0,3,0,0,2,0,0,0,0,0,0,0,0,0,2,0,1,0,0,0,0,0,0,0,0,0,0,0,0,NA,TOWN OF WINCHESTER,VILAS,Papoose Lake,2328700
28-762,95,Y,Y,80,5,0,0,15,0,1,0,0,0,0,2,0,0,0,0,0,0,0,0,0,0,0,1,0,0,0,0,0,0,0,0,0,0,0,0,NA,TOWN OF WINCHESTER,VILAS,Papoose Lake,2328700
28-776-02,100,Y,Y,55,5,0,0,40,0,2,0,4,0,0,2,0,0,0,0,0,0,0,0,0,2,0,0,0,0,0,0,0,0,0,0,0,0,0,0,NA,TOWN OF WINCHESTER,VILAS,Papoose Lake,2328700
28-776,100,Y,Y,40,5,0,0,55,0,0,0,0,0,0,2,0,0,0,0,0,0,0,0,0,1,1,0,0,0,0,0,0,0,0,0,0,0,0,0,NA,TOWN OF WINCHESTER,VILAS,Papoose Lake,2328700
28-773,100,Y,Y,90,0,0,0,10,1,1,0,1,0,0,2,0,0,0,0,0,0,0,0,3,1,0,0,0,0,0,0,0,0,0,0,0,0,0,0,NA,TOWN OF WINCHESTER,VILAS,Papoose Lake,2328700
28-766,60,Y,Y,10,0,60,0,30,0,4,0,4,0,0,0,2,0,0,0,157,0,0,0,0,2,1,0,0,0,1,1,0,0,1,0,0,0,0,0,NA,TOWN OF WINCHESTER,VILAS,Papoose Lake,2328700
28-776-03,80,Y,Y,50,0,30,0,20,0,0,0,1,0,0,2,2,0,0,0,0,0,0,0,0,1,1,0,0,0,0,0,0,0,0,0,0,0,0,0,NA,TOWN OF WINCHESTER,VILAS,Papoose Lake,2328700
28-776-04,100,Y,Y,60,0,0,0,40,0,0,0,2,0,0,0,0,0,0,0,0,0,0,0,0,0,0,0,0,0,0,0,0,0,0,0,0,0,0,0,NA,TOWN OF WINCHESTER,VILAS,Papoose Lake,2328700
28-776-06,95,Y,Y,35,0,5,0,60,0,1,0,0,0,0,2,0,0,0,0,0,0,0,0,0,1,0,0,0,0,1,0,0,0,0,0,0,0,0,0,NA,TOWN OF WINCHESTER,VILAS,Papoose Lake,2328700
28-2,90,Y,Y,45,0,5,0,50,0,0,0,0,0,0,1,2,0,0,0,0,0,0,0,0,1,0,0,0,0,0,0,0,0,0,0,0,0,0,0,NA,TOWN OF WINCHESTER,VILAS,Papoose Lake,2328700
28-4-01,60,Y,Y,25,5,0,0,70,0,0,1,1,0,0,2,0,0,0,0,0,0,0,0,0,1,0,1,0,0,0,0,0,0,0,0,0,0,0,0,NA,TOWN OF WINCHESTER,VILAS,Papoose Lake,2328700
28-4,20,Y,Y,25,5,40,0,30,0,7,0,2,0,0,2,2,0,0,0,0,0,0,0,0,1,0,1,0,0,0,0,0,0,0,0,0,0,0,0,NA,TOWN OF WINCHESTER,VILAS,Papoose Lake,2328700
28-6,95,Y,Y,5,0,0,0,95,0,0,0,0,0,0,0,0,0,0,0,0,0,0,0,0,0,0,0,0,0,0,0,0,0,0,0,0,0,0,0,NA,TOWN OF WINCHESTER,VILAS,Papoose Lake,2328700
28-3,30,Y,Y,20,10,60,0,10,0,2,0,0,0,0,0,0,0,0,0,0,0,0,0,5,1,0,1,1,0,0,0,0,0,0,0,0,0,0,0,NA,TOWN OF WINCHESTER,VILAS,Papoose Lake,2328700
28-5,75,Y,Y,40,10,0,0,50,0,3,0,1,0,0,0,0,0,0,0,0,0,0,0,0,1,1,0,0,0,0,0,0,0,0,0,0,0,0,0,NA,TOWN OF WINCHESTER,VILAS,Papoose Lake,2328700
28-7,60,Y,Y,20,25,15,0,40,1,1,0,1,0,0,2,2,0,0,0,0,0,0,0,0,1,0,0,0,0,0,0,0,0,0,0,0,0,0,0,NA,TOWN OF WINCHESTER,VILAS,Papoose Lake,2328700
28-1,90,Y,Y,50,10,10,0,30,1,1,0,0,0,0,2,2,0,0,0,0,0,0,0,0,0,0,0,0,0,0,0,0,0,0,0,0,0,0,0,NA,TOWN OF WINCHESTER,VILAS,Papoose Lake,2328700
28-771,80,Y,Y,40,10,20,0,30,0,0,1,1,0,0,2,2,0,0,0,0,0,0,0,0,1,1,1,0,0,0,0,0,0,0,0,0,0,0,0,NA,TOWN OF WINCHESTER,VILAS,Papoose Lake,2328700
28-775,90,Y,Y,65,5,20,0,10,0,0,0,1,0,0,2,2,0,0,0,0,0,0,0,0,1,1,0,0,0,0,0,0,0,0,0,0,0,0,0,NA,TOWN OF WINCHESTER,VILAS,Papoose Lake,2328700
28-765,90,Y,Y,70,5,5,0,20,1,6,0,0,0,0,0,2,0,0,0,0,0,0,0,0,5,0,0,0,0,0,0,0,0,0,0,0,0,0,0,NA,TOWN OF WINCHESTER,VILAS,Papoose Lake,2328700
28-760,60,Y,Y,30,10,10,0,50,0,2,0,1,0,0,2,2,0,0,0,0,0,0,0,0,1,0,0,0,0,0,0,0,0,0,0,0,0,0,0,NA,TOWN OF WINCHESTER,VILAS,Papoose Lake,2328700
28-759,75,Y,Y,50,10,20,0,20,0,1,0,0,0,0,2,2,0,0,0,0,0,0,0,0,1,0,0,0,0,1,0,0,0,0,0,0,0,0,0,NA,TOWN OF WINCHESTER,VILAS,Papoose Lake,2328700
28-764,20,Y,Y,20,0,0,0,80,0,0,0,0,0,0,2,1,0,0,0,0,0,0,0,0,1,0,0,0,0,0,0,0,0,0,0,0,0,0,0,NA,TOWN OF WINCHESTER,VILAS,Papoose Lake,2328700
28-767-01,60,Y,Y,60,0,40,0,0,0,0,0,1,0,0,2,2,0,0,0,0,0,0,0,0,1,0,0,0,0,0,0,0,0,0,0,0,0,0,0,NA,TOWN OF WINCHESTER,VILAS,Papoose Lake,2328700
28-770,100,Y,Y,90,0,0,0,10,1,0,0,0,0,0,2,0,0,0,0,0,0,0,0,0,1,0,0,0,0,0,0,0,0,0,0,0,0,0,0,NA,TOWN OF WINCHESTER,VILAS,Papoose Lake,2328700
28-787,75,Y,Y,20,15,60,0,5,1,2,1,0,0,0,2,2,0,0,0,0,0,0,0,0,2,0,1,0,0,1,0,1,0,1,0,0,0,0,0,NA,TOWN OF WINCHESTER,VILAS,Papoose Lake,2328700
28-788-01,60,Y,Y,10,0,80,0,10,0,0,1,3,0,0,2,2,0,0,0,0,0,0,0,0,2,2,0,0,0,2,0,0,0,0,0,0,0,0,0,NA,TOWN OF WINCHESTER,VILAS,Papoose Lake,2328700
28-788,95,Y,Y,60,0,10,0,30,0,0,0,1,0,0,2,2,0,0,0,0,0,0,0,0,2,1,1,0,0,0,0,0,0,0,0,0,0,0,0,NA,TOWN OF WINCHESTER,VILAS,Papoose Lake,2328700
28-787-02,60,Y,Y,20,0,80,0,0,0,0,1,2,0,0,0,2,0,0,0,150,0,0,0,10,2,2,0,0,0,0,0,0,0,0,0,0,0,0,0,NA,TOWN OF WINCHESTER,VILAS,Papoose Lake,2328700
28-824,75,Y,Y,70,20,0,0,10,0,0,0,1,0,0,0,0,0,0,0,30,0,0,0,0,0,0,0,0,0,1,1,0,0,1,0,0,0,0,0,NA,TOWN OF WINCHESTER,VILAS,Papoose Lake,2328700
28-831,95,Y,Y,55,5,10,0,30,0,0,0,0,0,0,1,2,0,0,0,0,0,0,0,0,1,1,0,0,0,0,0,0,0,0,0,0,0,0,0,NA,TOWN OF WINCHESTER,VILAS,Papoose Lake,2328700
28-821,60,Y,Y,70,10,20,0,0,2,2,1,2,0,0,2,2,0,0,0,0,0,0,0,0,1,0,0,0,0,0,0,0,0,0,0,0,0,0,0,NA,TOWN OF WINCHESTER,VILAS,Papoose Lake,2328700
28-827,70,Y,Y,30,0,50,0,20,0,3,0,0,0,0,0,0,0,0,0,0,0,0,0,0,2,0,1,0,0,0,0,0,0,0,0,0,0,0,0,NA,TOWN OF WINCHESTER,VILAS,Papoose Lake,2328700
28-826,60,Y,Y,60,0,40,0,0,0,4,0,1,0,0,2,2,0,0,0,0,0,0,0,0,1,0,1,0,0,0,0,0,0,0,0,0,0,0,0,NA,TOWN OF WINCHESTER,VILAS,Papoose Lake,2328700
28-825,70,Y,Y,40,20,0,0,40,1,2,0,0,0,0,0,0,0,0,0,0,0,0,0,0,2,0,0,0,0,0,0,0,0,0,0,0,0,0,0,NA,TOWN OF WINCHESTER,VILAS,Papoose Lake,2328700
28-828,35,Y,Y,20,0,80,0,0,0,3,1,0,0,0,0,0,0,0,0,0,0,0,0,0,1,0,0,0,0,0,0,0,0,0,0,0,0,0,0,NA,TOWN OF WINCHESTER,VILAS,Papoose Lake,2328700
28-883,100,Y,Y,100,0,0,0,0,0,0,0,0,0,0,0,0,0,0,0,0,0,0,0,0,0,0,0,0,0,0,0,0,0,0,0,0,0,0,0,NA,TOWN OF WINCHESTER,VILAS,Papoose Lake,2328700
28-884,95,Y,Y,95,5,0,0,0,0,2,0,0,0,0,2,0,0,0,0,0,0,0,0,0,1,0,0,0,0,0,0,0,0,0,0,0,0,0,0,NA,TOWN OF WINCHESTER,VILAS,Papoose Lake,2328700
28-882,100,Y,Y,100,0,0,0,0,0,0,0,0,0,0,0,0,0,0,0,0,0,0,0,0,0,0,0,0,0,1,0,0,0,0,0,0,0,0,0,NA,TOWN OF WINCHESTER,VILAS,Papoose Lake,2328700
28-881,100,Y,Y,100,0,0,0,0,0,0,0,1,0,0,0,0,0,0,0,0,0,0,0,0,0,0,0,0,0,0,0,0,0,0,0,0,0,0,0,NA,TOWN OF WINCHESTER,VILAS,Papoose Lake,2328700
28-880,5,N,N,0,15,70,0,15,1,2,1,1,0,0,0,0,0,0,0,0,0,0,0,0,1,0,1,0,0,0,0,0,0,0,0,0,0,0,0,NA,TOWN OF WINCHESTER,VILAS,Papoose Lake,2328700
28-878,60,Y,Y,5,0,80,0,15,1,1,1,0,0,0,2,2,0,0,0,0,0,0,0,10,1,0,0,0,0,1,0,0,0,0,0,0,0,0,0,NA,TOWN OF WINCHESTER,VILAS,Papoose Lake,2328700
28-877,90,Y,Y,55,5,10,0,30,1,1,0,0,0,0,2,2,0,0,0,0,0,0,0,0,1,0,0,0,0,1,0,0,0,0,0,0,0,0,0,NA,TOWN OF WINCHESTER,VILAS,Papoose Lake,2328700
28-876,60,Y,Y,35,5,40,0,20,0,1,1,0,0,0,2,2,0,0,0,0,0,0,0,0,1,1,0,0,0,0,0,0,0,0,0,0,0,0,0,NA,TOWN OF WINCHESTER,VILAS,Papoose Lake,2328700
28-874,70,Y,Y,30,0,50,0,20,0,2,0,0,0,0,0,2,0,0,0,100,0,0,0,0,1,0,0,0,0,0,0,0,0,0,0,0,0,0,0,NA,TOWN OF WINCHESTER,VILAS,Papoose Lake,2328700
28-875,90,Y,Y,80,0,10,0,10,0,6,0,1,0,0,2,0,0,0,0,0,0,0,0,0,1,1,1,0,0,0,0,0,0,0,0,0,0,0,0,NA,TOWN OF WINCHESTER,VILAS,Papoose Lake,2328700
28-873,100,Y,Y,100,0,0,0,0,0,0,0,1,0,0,0,0,0,0,0,0,0,0,0,0,0,0,0,0,0,0,0,0,0,0,0,0,0,0,0,NA,TOWN OF WINCHESTER,VILAS,Papoose Lake,2328700
28-872,70,Y,Y,60,0,10,0,30,0,0,0,1,0,0,0,0,0,0,0,0,0,0,0,0,2,1,0,0,0,0,0,0,0,0,0,0,0,0,0,NA,TOWN OF WINCHESTER,VILAS,Papoose Lake,2328700
28-871,100,Y,Y,100,0,0,0,0,0,0,0,0,0,0,0,0,0,0,0,0,0,0,0,0,0,0,0,0,0,0,0,0,0,0,0,0,0,0,0,NA,TOWN OF WINCHESTER,VILAS,Papoose Lake,2328700
28-870,90,Y,Y,70,0,0,0,30,0,1,1,0,0,0,2,0,0,0,0,0,0,0,0,0,0,0,0,0,0,0,1,0,0,1,0,0,0,0,0,NA,TOWN OF WINCHESTER,VILAS,Papoose Lake,2328700
28-869,15,Y,Y,10,20,70,0,0,2,1,1,0,0,0,2,2,0,0,0,20,0,0,0,0,1,0,0,0,0,0,0,0,0,0,0,0,0,0,0,NA,TOWN OF WINCHESTER,VILAS,Papoose Lake,2328700
28-868,40,Y,Y,50,10,30,0,10,1,4,0,0,0,0,2,0,0,0,0,0,0,0,0,0,0,0,0,0,0,0,0,0,0,0,0,0,0,0,0,NA,TOWN OF WINCHESTER,VILAS,Papoose Lake,2328700
28-867,30,Y,Y,30,15,50,0,5,0,3,0,2,0,0,2,0,0,0,0,0,0,0,0,0,1,0,1,0,0,1,0,0,0,0,0,0,0,0,0,NA,TOWN OF WINCHESTER,VILAS,Papoose Lake,2328700
28-866,80,Y,Y,50,0,30,0,20,0,3,0,0,0,0,2,2,0,0,0,0,0,0,0,0,1,1,0,0,0,0,0,0,0,0,0,0,0,0,0,NA,TOWN OF WINCHESTER,VILAS,Papoose Lake,2328700
28-865,50,Y,Y,40,0,50,0,10,1,3,0,0,0,0,1,2,0,0,0,0,0,0,0,0,1,1,1,0,0,0,0,0,0,0,0,0,0,0,0,NA,TOWN OF WINCHESTER,VILAS,Papoose Lake,2328700
28-885-10,10,Y,Y,10,10,80,0,0,1,4,0,0,0,0,1,2,0,0,0,40,0,0,0,0,2,0,0,0,0,1,0,0,0,0,0,0,0,0,0,NA,TOWN OF WINCHESTER,VILAS,Papoose Lake,2328700
28-885-10,10,Y,Y,10,10,80,0,0,1,4,0,0,0,0,1,2,0,0,0,40,0,0,0,0,2,0,0,0,0,1,0,0,0,0,0,0,0,0,0,NA,TOWN OF WINCHESTER,VILAS,Papoose Lake,2328700
28-885-10,10,Y,Y,10,10,80,0,0,1,4,0,0,0,0,1,2,0,0,0,40,0,0,0,0,2,0,0,0,0,1,0,0,0,0,0,0,0,0,0,NA,TOWN OF WINCHESTER,VILAS,Papoose Lake,2328700
28-885-10,10,Y,Y,10,10,80,0,0,1,4,0,0,0,0,1,2,0,0,0,40,0,0,0,0,2,0,0,0,0,1,0,0,0,0,0,0,0,0,0,NA,TOWN OF WINCHESTER,VILAS,Papoose Lake,2328700
28-885-10,10,Y,Y,10,10,80,0,0,1,4,0,0,0,0,1,2,0,0,0,40,0,0,0,0,2,0,0,0,0,1,0,0,0,0,0,0,0,0,0,NA,TOWN OF WINCHESTER,VILAS,Papoose Lake,2328700
28-885-10,10,Y,Y,10,10,80,0,0,1,4,0,0,0,0,1,2,0,0,0,40,0,0,0,0,2,0,0,0,0,1,0,0,0,0,0,0,0,0,0,NA,TOWN OF WINCHESTER,VILAS,Papoose Lake,2328700
28-885-10,10,Y,Y,10,10,80,0,0,1,4,0,0,0,0,1,2,0,0,0,40,0,0,0,0,2,0,0,0,0,1,0,0,0,0,0,0,0,0,0,NA,TOWN OF WINCHESTER,VILAS,Papoose Lake,2328700
28-863,70,Y,Y,70,0,0,0,30,0,1,0,0,0,0,2,0,0,0,0,0,0,0,0,0,0,0,0,0,0,1,0,0,0,0,0,0,0,0,0,NA,TOWN OF WINCHESTER,VILAS,Papoose Lake,2328700
28-862,10,Y,Y,10,0,90,0,0,0,3,1,0,0,0,0,2,0,0,0,0,0,0,0,0,1,0,0,0,0,0,0,0,0,0,0,0,0,0,0,NA,TOWN OF WINCHESTER,VILAS,Papoose Lake,2328700
28-861,70,Y,Y,70,0,20,0,10,0,0,0,1,0,0,0,0,0,0,0,40,0,0,0,0,1,1,0,0,0,0,0,0,0,0,0,0,0,0,0,NA,TOWN OF WINCHESTER,VILAS,Papoose Lake,2328700
28-860-02,70,Y,Y,50,10,0,0,40,0,0,0,0,0,0,2,0,0,0,0,0,0,0,0,0,1,0,1,1,0,0,0,0,0,0,0,0,0,0,0,NA,TOWN OF WINCHESTER,VILAS,Papoose Lake,2328700
28-860-01,60,Y,Y,50,0,40,0,10,1,0,0,0,0,0,0,0,0,0,0,0,0,0,0,0,1,0,0,0,0,1,0,0,0,0,0,0,0,0,0,NA,TOWN OF WINCHESTER,VILAS,Papoose Lake,2328700
28-860,50,Y,Y,30,0,60,0,10,0,0,0,0,0,0,2,0,0,0,0,4,0,0,0,50,1,0,0,0,0,0,0,0,0,0,0,0,0,0,0,NA,TOWN OF WINCHESTER,VILAS,Papoose Lake,2328700
28-858,95,Y,Y,95,0,0,0,5,0,0,0,0,0,0,2,0,0,2,0,0,0,0,0,0,1,0,0,0,0,0,0,0,0,0,0,0,0,0,0,NA,TOWN OF WINCHESTER,VILAS,Papoose Lake,2328700
28-833-03,85,Y,Y,85,5,10,0,0,0,0,0,0,0,0,2,2,0,0,0,0,0,0,0,0,1,0,1,0,0,0,0,0,0,0,0,0,0,0,0,NA,TOWN OF WINCHESTER,VILAS,Papoose Lake,2328700
28-833-05,80,Y,Y,60,0,30,0,10,0,0,0,2,0,0,2,2,0,0,0,0,0,0,0,0,1,0,0,0,0,0,0,0,0,0,0,0,0,0,0,NA,TOWN OF WINCHESTER,VILAS,Papoose Lake,2328700
28-833,90,Y,Y,65,10,5,0,20,0,3,0,0,0,0,2,0,0,0,0,0,0,0,0,0,2,0,1,0,0,0,0,0,0,0,0,0,0,0,0,NA,TOWN OF WINCHESTER,VILAS,Papoose Lake,2328700
28-833-01,90,Y,Y,100,0,0,0,0,0,0,0,0,0,0,0,0,0,0,0,0,0,0,0,0,0,0,0,0,0,0,1,0,0,1,0,0,0,0,0,NA,TOWN OF WINCHESTER,VILAS,Papoose Lake,2328700
28-833-04,60,Y,Y,60,20,15,0,5,0,1,0,0,0,2,2,2,0,0,0,15,0,0,0,0,1,0,0,0,0,0,1,0,0,1,0,0,0,0,0,NA,TOWN OF WINCHESTER,VILAS,Papoose Lake,2328700
28-837,100,Y,Y,60,0,0,0,40,0,0,0,1,0,0,0,0,0,0,0,0,0,0,0,0,0,0,0,0,0,0,0,0,0,0,0,0,0,0,0,NA,TOWN OF WINCHESTER,VILAS,Papoose Lake,2328700
28-844,85,Y,Y,20,10,40,0,20,0,2,0,0,0,0,2,2,0,0,0,0,0,0,0,0,1,0,1,0,0,0,0,0,0,0,0,0,0,0,0,NA,TOWN OF WINCHESTER,VILAS,Papoose Lake,2328700
28-842,90,Y,Y,65,5,30,0,0,0,1,1,0,0,0,2,2,0,0,0,0,0,0,0,0,1,1,0,0,0,0,0,0,0,0,0,0,0,0,0,NA,TOWN OF WINCHESTER,VILAS,Papoose Lake,2328700
28-836,90,Y,Y,80,0,0,0,20,0,0,0,0,0,0,2,0,0,2,0,0,0,0,0,0,1,0,0,0,0,0,0,0,0,0,0,0,0,0,0,NA,TOWN OF WINCHESTER,VILAS,Papoose Lake,2328700
28-838,100,Y,Y,100,0,0,0,0,0,0,0,0,0,0,0,0,0,0,0,0,0,0,0,0,0,0,0,0,0,0,0,0,0,0,0,0,0,0,0,NA,TOWN OF WINCHESTER,VILAS,Papoose Lake,2328700
28-841,70,Y,Y,15,0,75,0,10,0,0,0,0,0,0,0,0,0,0,0,0,0,0,0,0,0,0,0,0,0,0,0,0,0,0,0,0,0,0,0,NA,TOWN OF WINCHESTER,VILAS,Papoose Lake,2328700
28-839,10,Y,Y,10,5,85,0,0,1,0,0,1,0,0,2,0,0,0,0,0,0,0,0,0,0,0,0,0,0,0,0,0,0,0,0,0,0,0,0,NA,TOWN OF WINCHESTER,VILAS,Papoose Lake,2328700
28-840,90,Y,Y,80,0,0,0,20,0,1,0,0,0,0,2,0,0,0,0,0,0,0,0,0,2,1,0,0,0,0,0,0,0,0,0,0,0,0,0,NA,TOWN OF WINCHESTER,VILAS,Papoose Lake,2328700
28-843,100,Y,Y,95,0,0,0,5,0,1,0,0,0,0,2,0,0,0,0,0,0,0,0,0,1,0,0,0,0,0,1,0,0,1,0,0,0,0,0,NA,TOWN OF WINCHESTER,VILAS,Papoose Lake,2328700
28-835,90,Y,Y,90,0,0,0,10,0,0,0,0,0,0,2,0,0,0,0,0,0,0,0,0,1,0,0,0,0,0,0,0,0,0,0,0,0,0,0,NA,TOWN OF WINCHESTER,VILAS,Papoose Lake,2328700
22-975,100,Y,Y,95,0,0,0,5,0,0,0,0,0,0,0,0,0,0,0,0,0,0,0,0,0,0,0,0,0,0,0,0,0,0,0,0,0,0,0,Boat landing,TOWN OF PRESQUE ISLE,VILAS,Papoose Lake,2328700
22-952,100,Y,Y,90,0,0,0,10,0,0,0,0,0,0,0,0,0,0,0,0,0,0,0,0,0,0,0,0,0,0,0,0,0,0,0,0,0,0,0,NA,TOWN OF PRESQUE ISLE,VILAS,Papoose Lake,2328700
22-947,70,Y,Y,60,0,20,0,20,0,0,0,0,0,0,2,2,0,0,0,15,0,0,0,15,1,1,0,0,0,0,0,0,0,0,0,0,0,0,0,NA,TOWN OF PRESQUE ISLE,VILAS,Papoose Lake,2328700
22-948,100,Y,Y,75,5,0,0,20,0,2,0,0,0,0,2,0,0,0,0,100,0,0,0,0,1,1,1,0,0,0,0,0,0,0,0,0,0,0,0,NA,TOWN OF PRESQUE ISLE,VILAS,Papoose Lake,2328700
22-946,95,Y,Y,75,5,0,0,20,0,0,0,0,0,0,2,0,0,0,0,20,0,0,0,0,1,1,0,0,0,0,0,0,0,0,0,0,0,0,0,NA,TOWN OF PRESQUE ISLE,VILAS,Papoose Lake,2328700
22-945,90,Y,Y,70,10,0,0,20,0,0,0,0,0,0,2,0,2,0,0,20,0,0,0,0,2,2,1,0,0,0,0,0,0,0,0,0,0,0,0,NA,TOWN OF PRESQUE ISLE,VILAS,Papoose Lake,2328700
22-960,95,Y,Y,55,5,20,0,20,1,0,0,0,0,0,0,2,0,0,0,0,0,0,0,15,0,1,0,0,0,0,0,0,0,0,0,0,0,0,0,NA,TOWN OF PRESQUE ISLE,VILAS,Papoose Lake,2328700
22-962,100,Y,Y,85,5,0,0,10,0,1,0,0,0,0,2,0,0,0,0,0,0,0,0,0,2,0,1,0,0,0,0,0,0,0,0,0,0,0,0,NA,TOWN OF PRESQUE ISLE,VILAS,Papoose Lake,2328700
22-961,95,Y,Y,80,5,0,0,15,0,0,0,3,0,0,2,0,0,0,0,70,0,0,0,0,0,0,0,0,0,0,0,0,0,0,0,0,0,0,0,NA,TOWN OF PRESQUE ISLE,VILAS,Papoose Lake,2328700
22-951,95,Y,Y,90,0,0,0,10,0,1,0,0,0,0,2,0,0,0,0,0,0,0,0,0,1,0,0,0,0,0,0,0,0,0,0,0,0,0,0,NA,TOWN OF PRESQUE ISLE,VILAS,Papoose Lake,2328700
22-943,100,Y,Y,90,0,0,0,10,0,0,0,0,0,0,2,0,0,0,0,0,0,0,0,0,1,0,0,0,0,0,0,0,0,0,0,0,0,0,0,NA,TOWN OF PRESQUE ISLE,VILAS,Papoose Lake,2328700
22-944,90,Y,Y,75,5,0,0,20,0,1,0,0,0,0,2,2,0,0,0,30,0,0,0,0,1,0,1,0,0,0,0,0,0,0,0,0,0,0,0,NA,TOWN OF PRESQUE ISLE,VILAS,Papoose Lake,2328700
22-978-01,90,Y,Y,5,5,0,0,90,0,0,0,0,0,0,2,0,0,0,0,0,0,0,0,10,0,1,0,0,0,0,0,0,0,0,0,0,0,0,0,NA,TOWN OF PRESQUE ISLE,VILAS,Papoose Lake,2328700
22-625,95,Y,Y,60,0,0,0,40,1,1,0,1,0,0,2,0,0,0,0,0,0,0,10,5,1,1,0,0,0,0,0,0,0,0,0,0,0,0,0,NA,TOWN OF PRESQUE ISLE,VILAS,Papoose Lake,2328700
22-626,95,Y,Y,75,5,0,0,20,0,3,0,0,0,0,2,1,0,0,0,0,0,0,0,0,1,0,0,0,0,0,0,0,0,0,0,0,0,0,0,NA,TOWN OF PRESQUE ISLE,VILAS,Papoose Lake,2328700
22-630,100,Y,Y,80,0,0,0,20,0,1,0,0,0,0,2,0,0,0,0,0,0,0,0,0,1,0,0,0,0,1,0,0,0,0,0,0,0,0,0,NA,TOWN OF PRESQUE ISLE,VILAS,Papoose Lake,2328700
22-621,95,Y,N,55,5,0,0,40,0,0,0,2,0,0,2,0,0,0,0,0,0,0,0,0,1,1,0,0,0,0,0,0,0,0,0,0,0,0,0,NA,TOWN OF PRESQUE ISLE,VILAS,Papoose Lake,2328700
22-624,95,Y,Y,60,15,0,0,25,1,1,0,0,0,0,2,0,0,0,0,0,0,0,0,3,1,1,1,0,0,0,0,0,0,0,0,0,0,0,0,NA,TOWN OF PRESQUE ISLE,VILAS,Papoose Lake,2328700
22-623,100,Y,Y,65,5,0,0,30,1,1,0,0,0,0,2,0,0,0,0,0,0,0,0,3,1,0,0,0,0,1,0,0,0,0,0,0,0,0,0,NA,TOWN OF PRESQUE ISLE,VILAS,Papoose Lake,2328700
22-622,95,Y,Y,70,5,0,0,25,0,1,0,2,0,0,2,0,0,0,10,20,0,0,0,0,1,1,0,0,0,0,0,0,0,0,0,0,0,0,0,NA,TOWN OF PRESQUE ISLE,VILAS,Papoose Lake,2328700
22-636,70,Y,Y,65,5,20,0,10,1,0,0,0,0,0,2,0,0,0,0,0,0,0,0,0,1,1,0,0,0,0,0,0,0,0,0,0,0,0,0,Photo 5074.75,TOWN OF PRESQUE ISLE,VILAS,Papoose Lake,2328700
22-637,95,Y,Y,40,10,0,0,50,0,0,0,2,0,0,0,0,0,0,0,132,0,0,0,0,1,0,0,0,0,0,0,0,0,0,0,0,0,0,0,Photo 4903,TOWN OF PRESQUE ISLE,VILAS,Papoose Lake,2328700
22-638,15,Y,Y,10,0,80,0,10,0,0,1,1,0,0,0,0,0,0,0,25,0,0,0,0,1,1,0,0,0,0,0,0,0,0,0,0,0,0,0,NA,TOWN OF PRESQUE ISLE,VILAS,Papoose Lake,2328700
22-639,75,Y,Y,40,0,50,0,10,0,1,1,1,0,0,2,2,0,0,0,0,0,0,0,25,1,1,0,0,0,0,0,0,0,0,0,0,0,0,0,NA,TOWN OF PRESQUE ISLE,VILAS,Papoose Lake,2328700
22-639-07,70,Y,Y,30,0,50,0,20,0,1,1,0,0,0,0,2,0,0,0,0,0,0,0,0,1,0,0,0,0,0,0,0,0,0,0,0,0,0,0,NA,TOWN OF PRESQUE ISLE,VILAS,Papoose Lake,2328700
22-640,85,Y,Y,50,10,20,0,20,1,1,0,2,0,0,2,2,0,0,0,0,0,0,0,0,1,0,0,0,0,0,0,0,0,0,0,0,0,0,0,NA,TOWN OF PRESQUE ISLE,VILAS,Papoose Lake,2328700
22-642,100,Y,Y,85,5,0,0,10,0,0,0,1,0,0,0,0,0,0,0,0,0,0,0,0,0,0,0,0,0,0,0,0,0,0,0,0,0,0,0,NA,TOWN OF PRESQUE ISLE,VILAS,Papoose Lake,2328700
22-643,90,N,N,75,5,0,0,20,0,6,0,0,0,0,2,0,0,0,0,0,0,0,0,0,1,0,1,0,0,0,0,0,0,0,0,0,0,0,0,NA,TOWN OF PRESQUE ISLE,VILAS,Papoose Lake,2328700
22-644,10,Y,Y,20,20,60,0,0,0,2,0,1,0,0,0,2,0,0,0,0,0,0,4,0,1,0,0,0,0,0,0,0,0,0,0,0,0,0,0,NA,TOWN OF PRESQUE ISLE,VILAS,Papoose Lake,2328700
22-634-11,60,N,N,0,0,100,0,0,0,1,0,2,0,0,0,2,0,0,0,0,0,0,0,0,1,0,0,0,0,0,1,1,0,2,0,0,0,0,0,NA,TOWN OF PRESQUE ISLE,VILAS,Papoose Lake,2328700
22-655,20,N,N,0,0,100,0,0,0,0,0,1,0,0,0,2,0,0,0,65,0,0,0,0,1,0,0,0,0,0,0,0,0,0,0,0,0,0,0,NA,TOWN OF PRESQUE ISLE,VILAS,Papoose Lake,2328700
22-654,20,N,N,0,5,75,0,20,1,2,0,2,0,0,2,2,0,0,0,50,0,0,0,0,1,0,0,0,0,0,0,0,0,0,0,0,0,0,0,NA,TOWN OF PRESQUE ISLE,VILAS,Papoose Lake,2328700
22-653,90,Y,Y,80,0,10,0,10,0,0,0,1,0,0,2,0,0,0,0,0,0,0,0,0,0,0,0,0,0,0,0,0,0,0,0,0,0,0,0,NA,TOWN OF PRESQUE ISLE,VILAS,Papoose Lake,2328700
22-657,95,Y,Y,70,5,5,0,20,0,5,0,0,0,0,2,2,0,0,0,0,0,0,0,0,1,0,0,0,0,0,0,0,0,0,0,0,0,0,0,NA,TOWN OF PRESQUE ISLE,VILAS,Papoose Lake,2328700
22-658,70,Y,Y,10,10,50,0,30,0,7,0,2,0,0,0,2,0,0,0,0,0,0,0,0,1,0,0,0,0,3,0,0,0,0,0,0,0,0,0,NA,TOWN OF PRESQUE ISLE,VILAS,Papoose Lake,2328700
22-659-52,80,Y,Y,45,5,20,0,30,1,0,0,2,0,0,2,2,0,0,0,0,0,0,0,25,1,1,0,0,0,0,0,0,0,0,0,0,0,0,0,NA,TOWN OF PRESQUE ISLE,VILAS,Papoose Lake,2328700
22-659-51,100,Y,Y,80,0,0,0,20,0,0,0,0,0,0,0,0,0,0,0,0,0,0,0,0,0,0,0,0,0,0,0,0,0,0,0,0,0,0,0,NA,TOWN OF PRESQUE ISLE,VILAS,Papoose Lake,2328700
22-659-01,90,Y,Y,60,5,10,0,25,0,0,0,2,0,0,2,2,0,0,0,0,0,0,0,0,1,0,0,0,0,0,0,0,0,0,0,0,0,0,0,NA,TOWN OF PRESQUE ISLE,VILAS,Papoose Lake,2328700
22-652,80,Y,Y,50,10,0,0,40,0,1,0,1,0,0,2,2,0,0,0,100,0,0,0,0,1,0,0,1,0,0,0,0,0,0,0,0,0,0,0,Photo 5076,TOWN OF PRESQUE ISLE,VILAS,Papoose Lake,2328700
22-651,50,Y,Y,35,5,50,0,10,1,0,0,1,0,0,2,2,0,0,0,75,0,0,0,0,1,0,0,0,0,0,0,0,0,0,0,0,0,0,0,NA,TOWN OF PRESQUE ISLE,VILAS,Papoose Lake,2328700
22-650,95,Y,Y,80,5,5,0,10,0,1,0,2,0,0,2,2,0,0,0,0,0,0,0,0,2,1,1,0,0,0,0,0,0,0,0,0,0,0,0,NA,TOWN OF PRESQUE ISLE,VILAS,Papoose Lake,2328700
22-649,100,Y,Y,80,0,0,0,20,0,0,0,0,0,0,0,0,0,0,0,0,0,0,0,0,0,0,0,0,0,0,0,0,0,0,0,0,0,0,0,NA,TOWN OF PRESQUE ISLE,VILAS,Papoose Lake,2328700
22-648,95,Y,Y,70,5,5,0,20,0,4,0,0,0,0,2,0,0,0,0,0,0,0,0,0,1,1,0,0,0,0,0,0,0,0,0,0,0,0,0,NA,TOWN OF PRESQUE ISLE,VILAS,Papoose Lake,2328700
22-647,75,Y,Y,50,5,0,0,45,0,1,0,0,0,0,0,2,0,0,0,75,0,0,0,0,1,1,0,0,0,0,0,0,0,0,0,0,0,0,0,NA,TOWN OF PRESQUE ISLE,VILAS,Papoose Lake,2328700
22-646,70,Y,Y,40,0,50,0,10,0,1,0,1,0,0,2,2,0,0,0,0,0,0,0,2,2,1,0,0,0,0,0,0,0,0,0,0,0,0,0,NA,TOWN OF PRESQUE ISLE,VILAS,Papoose Lake,2328700
22-645,10,Y,Y,40,10,50,0,0,0,0,0,0,0,0,0,2,0,0,0,0,0,0,0,0,1,0,0,0,0,0,0,0,0,0,0,0,0,0,0,NA,TOWN OF PRESQUE ISLE,VILAS,Papoose Lake,2328700
22-615,90,Y,Y,55,5,0,0,40,0,0,0,2,0,0,0,0,0,0,0,0,0,0,0,0,1,0,1,0,0,0,0,0,0,0,0,0,0,0,0,NA,TOWN OF PRESQUE ISLE,VILAS,Papoose Lake,2328700
22-615-02,100,Y,Y,85,5,0,0,10,0,1,0,1,0,0,2,0,0,0,0,0,0,0,0,0,1,0,0,0,0,0,0,0,0,0,0,0,0,0,0,NA,TOWN OF PRESQUE ISLE,VILAS,Papoose Lake,2328700
22-615-04,100,Y,Y,80,5,0,0,15,0,2,0,1,0,0,2,0,0,0,0,0,0,0,0,0,1,1,0,0,0,0,0,0,0,0,0,0,0,0,0,NA,TOWN OF PRESQUE ISLE,VILAS,Papoose Lake,2328700
22-615-06,100,Y,Y,75,5,0,0,20,0,1,1,1,0,0,2,2,0,0,0,25,0,0,0,0,1,2,0,0,0,0,0,0,0,0,0,0,0,0,0,NA,TOWN OF PRESQUE ISLE,VILAS,Papoose Lake,2328700
22-615-07,100,Y,Y,90,5,0,0,5,0,1,0,0,0,0,0,0,0,0,0,0,0,0,0,0,1,0,0,0,0,1,0,1,0,1,0,0,0,0,0,NA,TOWN OF PRESQUE ISLE,VILAS,Papoose Lake,2328700
22-615-05,100,Y,Y,70,5,0,0,25,0,0,0,1,1,1,2,0,0,0,0,0,0,0,0,0,1,1,0,0,0,0,0,0,0,0,0,0,0,0,0,NA,TOWN OF PRESQUE ISLE,VILAS,Papoose Lake,2328700
22-615-01,80,Y,Y,30,5,55,0,10,1,0,1,2,0,0,0,2,0,0,0,0,0,0,0,0,1,0,0,0,0,0,0,0,0,0,0,0,0,0,0,NA,TOWN OF PRESQUE ISLE,VILAS,Papoose Lake,2328700
22-613,100,Y,Y,80,0,0,0,20,0,0,0,0,0,0,0,0,0,0,0,0,0,0,0,0,0,0,0,0,0,0,0,0,0,0,0,0,0,0,0,NA,TOWN OF PRESQUE ISLE,VILAS,Papoose Lake,2328700
22-615-08,100,Y,Y,80,0,5,0,15,0,0,0,0,0,0,2,2,0,0,0,0,0,0,0,0,1,1,0,0,0,0,0,0,0,0,0,0,0,0,0,NA,TOWN OF PRESQUE ISLE,VILAS,Papoose Lake,2328700
22-609,95,Y,Y,70,5,5,0,20,0,0,0,2,0,0,2,2,0,0,0,0,0,0,0,0,2,1,0,0,0,1,0,0,0,0,0,0,0,0,0,NA,TOWN OF PRESQUE ISLE,VILAS,Papoose Lake,2328700
22-612-01,100,Y,Y,90,0,0,0,10,0,0,0,0,0,0,2,0,0,0,0,0,0,0,0,0,1,1,0,0,0,1,0,1,0,1,0,0,0,0,0,NA,TOWN OF PRESQUE ISLE,VILAS,Papoose Lake,2328700
22-607,100,Y,Y,90,0,0,0,10,0,0,0,2,0,0,2,0,0,0,0,0,0,0,0,0,0,0,0,0,0,0,0,0,0,0,0,0,0,0,0,NA,TOWN OF PRESQUE ISLE,VILAS,Papoose Lake,2328700
22-610,95,Y,Y,85,0,5,0,10,0,1,0,2,0,0,0,2,0,0,0,200,0,0,0,0,2,0,0,0,0,1,1,1,0,2,0,0,0,0,0,NA,TOWN OF PRESQUE ISLE,VILAS,Papoose Lake,2328700
22-611,100,Y,Y,90,0,0,0,10,0,0,0,0,0,0,0,0,0,0,0,0,0,0,0,0,0,0,0,0,0,0,1,1,0,2,0,0,0,0,0,NA,TOWN OF PRESQUE ISLE,VILAS,Papoose Lake,2328700
22-608,100,Y,Y,90,0,0,0,10,0,0,0,0,0,0,0,0,0,0,0,0,0,0,0,0,0,0,0,0,0,0,1,1,0,2,0,0,0,0,0,NA,TOWN OF PRESQUE ISLE,VILAS,Papoose Lake,2328700
22-634-05,100,Y,Y,85,0,0,0,15,0,0,0,0,0,2,2,0,0,0,0,0,0,0,0,5,0,0,0,0,0,0,0,0,0,0,0,0,0,0,0,NA,TOWN OF PRESQUE ISLE,VILAS,Papoose Lake,2328700
28-856,100,Y,Y,90,0,0,0,10,0,0,0,2,0,0,0,0,0,0,0,0,0,0,0,0,0,0,0,0,0,0,0,0,0,0,0,0,0,0,0,NA,TOWN OF WINCHESTER,VILAS,Papoose Lake,2328700
28-850,100,Y,Y,90,0,0,0,10,0,0,0,1,0,0,0,0,0,0,0,0,0,0,0,0,0,0,0,0,0,0,0,0,0,0,0,0,0,0,0,Photo 4989,TOWN OF WINCHESTER,VILAS,Papoose Lake,2328700
22-978,100,Y,Y,90,0,0,0,10,0,0,0,1,0,0,0,0,0,0,0,0,0,0,0,0,0,0,0,0,0,0,0,0,0,0,0,0,0,0,0,Photo 4980,TOWN OF PRESQUE ISLE,VILAS,Papoose Lake,2328700
2-2656,90,Y,Y,85,10,0,0,5,0,1,0,1,0,0,NA,NA,0,0,0,0,0,0,0,0,1,0,0,0,0,0,0,0,0,NA,0,0,0,0,0,NA,TOWN OF ARBOR VITAE,VILAS,Big Arbor Vitae Lake,1545600
2-2572,10,Y,Y,10,40,45,0,5,1,1,1,1,0,0,NA,NA,0,0,0,100,0,0,0,0,1,0,0,0,0,1,0,0,0,NA,0,0,0,0,0,NA,TOWN OF ARBOR VITAE,VILAS,Big Arbor Vitae Lake,1545600
2-2568,95,Y,Y,85,10,0,0,5,0,1,0,1,0,0,NA,NA,0,0,0,0,0,0,0,0,1,0,0,0,0,0,0,0,0,NA,0,0,0,0,0,NA,TOWN OF ARBOR VITAE,VILAS,Big Arbor Vitae Lake,1545600
2-2575-03,80,Y,Y,55,5,35,0,5,0,5,0,0,0,0,NA,NA,0,0,0,10,0,0,0,0,2,2,1,0,0,1,0,0,0,NA,0,0,0,0,0,more riprap added between survey and photo loop,TOWN OF ARBOR VITAE,VILAS,Big Arbor Vitae Lake,1545600
2-2575-04,90,Y,Y,95,0,0,0,5,0,0,0,0,0,2,NA,NA,0,0,0,0,0,0,30,0,0,0,0,0,0,0,0,0,0,NA,0,0,0,0,0,geobags within riparian zone,TOWN OF ARBOR VITAE,VILAS,Big Arbor Vitae Lake,1545600
2-2576,85,Y,Y,60,25,0,0,15,0,0,0,1,0,0,NA,NA,0,0,0,0,0,0,15,0,1,2,1,0,0,0,0,0,0,NA,0,0,0,0,0,NA,TOWN OF ARBOR VITAE,VILAS,Big Arbor Vitae Lake,1545600
2-2582,95,Y,Y,90,0,0,0,10,0,0,0,0,0,0,NA,NA,0,0,0,0,0,0,45,0,0,0,0,0,0,0,0,0,0,NA,0,0,0,0,0,NA,TOWN OF ARBOR VITAE,VILAS,Big Arbor Vitae Lake,1545600
2-2649,60,Y,Y,85,10,0,0,5,0,0,0,0,0,0,NA,NA,0,0,0,0,30,0,0,0,2,1,0,0,0,0,1,1,0,NA,0,0,0,0,0,"2 boat launches, 4 trails to water with slope. We included sections of ROW.  Some areas not photographed due to people being present.",TOWN OF ARBOR VITAE,VILAS,Big Arbor Vitae Lake,1545600
2-2656-01,95,Y,Y,85,10,0,0,5,0,0,0,0,0,0,NA,NA,0,0,0,0,0,0,0,0,1,0,0,0,0,0,0,0,0,NA,0,0,0,0,0,NA,TOWN OF ARBOR VITAE,VILAS,Big Arbor Vitae Lake,1545600
2-2686-02,65,Y,Y,70,10,15,0,5,4,1,0,0,0,0,NA,NA,0,0,0,60,0,0,0,0,7,7,0,0,0,0,0,0,0,NA,0,0,0,0,0,NA,TOWN OF ARBOR VITAE,VILAS,Big Arbor Vitae Lake,1545600
2-2673,55,Y,Y,5,20,40,0,35,1,0,0,6,0,0,NA,NA,0,0,0,70,0,0,0,0,0,0,0,0,0,0,0,0,0,NA,0,0,0,0,0,NA,TOWN OF ARBOR VITAE,VILAS,Big Arbor Vitae Lake,1545600
2-2671,75,Y,Y,70,20,0,0,10,1,0,1,1,0,0,NA,NA,0,0,0,0,0,0,0,0,1,0,0,0,0,0,0,0,0,NA,0,0,0,0,0,NA,TOWN OF ARBOR VITAE,VILAS,Big Arbor Vitae Lake,1545600
2-2768,30,Y,Y,30,70,0,0,0,0,0,0,0,0,0,NA,NA,0,0,0,0,0,0,0,0,0,0,0,0,0,0,0,0,0,NA,0,0,0,0,0,NA,TOWN OF ARBOR VITAE,VILAS,Big Arbor Vitae Lake,1545600
2-2701,35,Y,Y,30,10,55,0,5,0,0,1,6,0,0,NA,NA,0,0,0,35,0,0,0,0,1,0,1,0,0,0,0,0,0,NA,0,0,0,0,0,no photos - people present.,TOWN OF ARBOR VITAE,VILAS,Big Arbor Vitae Lake,1545600
2-2697,10,Y,Y,10,5,85,0,0,0,2,1,0,0,0,NA,NA,0,0,0,0,0,0,0,0,1,1,0,0,0,0,0,0,0,NA,0,0,0,0,0,NA,TOWN OF ARBOR VITAE,VILAS,Big Arbor Vitae Lake,1545600
2-2688,95,Y,Y,75,15,0,0,10,0,1,1,1,0,0,NA,NA,0,0,0,0,0,0,0,0,2,1,0,0,0,0,0,0,0,NA,0,0,0,0,0,NA,TOWN OF ARBOR VITAE,VILAS,Big Arbor Vitae Lake,1545600
2-2752,95,Y,Y,65,15,0,0,20,1,2,0,3,0,0,NA,NA,0,0,0,0,0,0,0,0,1,0,0,0,0,0,0,0,0,NA,0,0,0,0,0,NA,TOWN OF ARBOR VITAE,VILAS,Big Arbor Vitae Lake,1545600
2-2757-0002,90,Y,Y,80,5,0,0,15,0,0,0,0,0,0,NA,NA,0,0,0,0,0,0,0,0,1,2,0,0,0,0,0,0,0,NA,0,0,0,0,0,NA,TOWN OF ARBOR VITAE,VILAS,Big Arbor Vitae Lake,1545600
2-2747,95,Y,Y,85,10,0,0,5,1,0,0,0,0,0,NA,NA,0,0,0,0,0,0,0,0,1,0,0,0,0,0,0,0,0,NA,0,0,0,0,0,NA,TOWN OF ARBOR VITAE,VILAS,Big Arbor Vitae Lake,1545600
2-2741,10,Y,Y,10,5,70,0,15,0,1,0,0,0,0,NA,NA,0,0,0,0,0,0,0,0,1,2,0,0,0,0,0,0,0,NA,0,0,0,0,0,NA,TOWN OF ARBOR VITAE,VILAS,Big Arbor Vitae Lake,1545600
2-2740,90,Y,Y,70,5,15,0,10,0,0,0,2,0,0,NA,NA,0,0,0,0,0,0,0,0,1,1,0,0,0,0,0,0,0,NA,0,0,0,0,0,NA,TOWN OF ARBOR VITAE,VILAS,Big Arbor Vitae Lake,1545600
2-2562-02,95,Y,Y,85,5,0,0,10,0,0,0,0,0,2,NA,NA,0,0,0,0,0,0,0,0,0,0,0,0,0,0,0,0,0,NA,0,0,0,0,0,a lot of erosion due to steepness and soil and sand. Skipped photos in sections due to people.,TOWN OF ARBOR VITAE,VILAS,Big Arbor Vitae Lake,1545600
2-2562,90,Y,Y,90,5,0,0,5,0,0,0,0,0,0,NA,NA,0,0,0,0,0,0,0,0,0,0,0,0,0,0,0,0,0,NA,0,0,0,0,0,NA,TOWN OF ARBOR VITAE,VILAS,Big Arbor Vitae Lake,1545600
2-2556,90,Y,Y,85,5,5,0,5,0,0,0,5,0,2,NA,NA,0,0,0,0,0,90,10,0,1,0,0,0,0,0,0,0,0,NA,0,0,0,0,0,NA,TOWN OF ARBOR VITAE,VILAS,Big Arbor Vitae Lake,1545600
2-2553-06,80,Y,Y,95,0,0,0,5,0,0,0,0,0,0,NA,NA,0,0,0,0,0,0,50,0,0,0,0,0,0,0,0,0,0,NA,0,0,0,0,0,NA,TOWN OF ARBOR VITAE,VILAS,Big Arbor Vitae Lake,1545600
2-2571,95,Y,Y,90,5,0,0,5,0,0,0,0,0,0,NA,NA,0,0,0,0,0,0,0,0,1,0,0,0,0,0,0,0,0,NA,0,0,0,0,0,NA,TOWN OF ARBOR VITAE,VILAS,Big Arbor Vitae Lake,1545600
2-2571-01,90,Y,Y,65,20,0,0,15,0,0,0,1,0,0,NA,NA,0,0,0,0,0,0,0,0,1,0,0,0,0,0,0,0,0,NA,0,0,0,0,0,NA,TOWN OF ARBOR VITAE,VILAS,Big Arbor Vitae Lake,1545600
2-2570,90,Y,Y,75,0,0,0,25,0,0,0,0,0,0,NA,NA,0,0,0,0,0,0,0,0,0,0,0,0,0,0,0,0,0,NA,0,0,0,0,0,NA,TOWN OF ARBOR VITAE,VILAS,Big Arbor Vitae Lake,1545600
2-2575-02,95,Y,Y,95,0,0,0,5,0,0,0,0,0,0,NA,NA,0,0,0,0,0,0,0,0,0,0,0,0,0,0,0,0,0,NA,0,0,0,0,0,NA,TOWN OF ARBOR VITAE,VILAS,Big Arbor Vitae Lake,1545600
2-2578,90,Y,Y,75,20,0,0,5,1,4,0,0,0,0,NA,NA,0,0,0,0,0,0,0,0,1,2,0,0,0,0,0,0,0,NA,0,0,0,0,0,NA,TOWN OF ARBOR VITAE,VILAS,Big Arbor Vitae Lake,1545600
2-2579,95,Y,Y,90,5,0,0,5,0,1,0,0,0,0,NA,NA,0,0,0,0,0,0,0,0,1,1,0,0,0,0,0,0,0,NA,0,0,0,0,0,NA,TOWN OF ARBOR VITAE,VILAS,Big Arbor Vitae Lake,1545600
2-2581-01,85,Y,Y,85,10,0,0,5,0,4,0,0,0,0,NA,NA,0,0,0,0,0,0,0,0,1,1,0,0,0,0,0,0,0,NA,0,0,0,0,0,NA,TOWN OF ARBOR VITAE,VILAS,Big Arbor Vitae Lake,1545600
2-2566,95,Y,Y,85,0,0,0,15,0,0,0,0,0,0,NA,NA,0,0,0,0,0,0,30,0,0,0,0,0,0,0,0,0,0,NA,0,0,0,0,0,NA,TOWN OF ARBOR VITAE,VILAS,Big Arbor Vitae Lake,1545600
2-2597,95,Y,Y,95,0,0,0,5,0,0,0,0,0,0,NA,NA,0,0,0,0,0,0,0,0,0,0,0,0,0,0,0,0,0,NA,0,0,0,0,0,NA,TOWN OF ARBOR VITAE,VILAS,Big Arbor Vitae Lake,1545600
2-2655-01,90,Y,Y,85,10,0,0,5,1,0,0,0,0,0,NA,NA,0,0,0,0,0,0,0,0,1,1,0,0,0,1,0,0,0,NA,0,0,0,0,0,NA,TOWN OF ARBOR VITAE,VILAS,Big Arbor Vitae Lake,1545600
2-2655-03,95,Y,Y,85,5,0,0,10,1,0,0,1,0,0,NA,NA,0,0,0,0,0,0,0,0,1,1,0,0,0,0,0,0,0,NA,0,0,0,0,0,NA,TOWN OF ARBOR VITAE,VILAS,Big Arbor Vitae Lake,1545600
2-2653,50,Y,Y,25,35,20,0,20,2,6,2,1,0,0,NA,NA,0,0,0,0,0,35,0,0,3,0,1,0,0,0,0,0,0,NA,0,0,0,0,0,Resort,TOWN OF ARBOR VITAE,VILAS,Big Arbor Vitae Lake,1545600
2-2654,25,Y,Y,55,40,5,0,0,2,1,0,0,0,0,NA,NA,0,0,0,0,0,0,0,0,3,0,0,0,0,0,0,0,0,NA,0,0,0,0,0,Business,TOWN OF ARBOR VITAE,VILAS,Big Arbor Vitae Lake,1545600
2-2683,80,Y,Y,75,5,5,0,15,0,1,0,0,0,0,NA,NA,0,0,0,20,0,0,0,0,1,0,0,0,0,0,0,0,0,NA,0,0,0,0,0,NA,TOWN OF ARBOR VITAE,VILAS,Big Arbor Vitae Lake,1545600
2-2675,75,Y,Y,85,5,10,0,0,0,2,0,1,0,0,NA,NA,0,0,0,0,0,0,0,0,2,2,0,0,0,0,0,0,0,NA,0,0,0,0,0,no photos - people present,TOWN OF ARBOR VITAE,VILAS,Big Arbor Vitae Lake,1545600
2-2672,5,Y,Y,5,45,45,0,5,1,0,0,1,0,0,NA,NA,0,0,0,70,0,0,0,0,1,1,0,0,0,1,0,0,0,NA,0,0,0,0,0,no photos - people present,TOWN OF ARBOR VITAE,VILAS,Big Arbor Vitae Lake,1545600
2-2670,35,Y,Y,15,10,70,0,5,1,0,1,3,0,0,NA,NA,0,0,0,75,0,0,0,0,1,1,0,0,0,0,0,0,0,NA,0,0,0,0,0,NA,TOWN OF ARBOR VITAE,VILAS,Big Arbor Vitae Lake,1545600
2-2658,90,Y,Y,90,5,0,0,5,0,1,0,0,0,0,NA,NA,0,0,0,0,0,0,0,0,0,0,0,0,0,0,0,0,0,NA,0,0,0,0,0,NA,TOWN OF ARBOR VITAE,VILAS,Big Arbor Vitae Lake,1545600
2-2660,75,Y,Y,65,10,20,0,5,0,2,0,2,0,0,NA,NA,0,0,0,0,0,0,0,0,0,0,0,0,0,0,0,0,0,NA,0,0,0,0,0,NA,TOWN OF ARBOR VITAE,VILAS,Big Arbor Vitae Lake,1545600
2-2761,35,Y,Y,5,50,40,0,5,2,0,0,1,0,0,NA,NA,0,0,0,40,0,0,0,0,1,0,0,0,0,0,0,0,0,NA,0,0,0,0,0,half of shed/gargae structure included,TOWN OF ARBOR VITAE,VILAS,Big Arbor Vitae Lake,1545600
2-2763,30,Y,Y,10,45,40,0,5,3,3,0,7,0,0,NA,NA,0,0,0,15,0,0,0,0,1,0,0,0,0,0,0,0,0,NA,0,0,0,0,0,half of shed/gargae structure included,TOWN OF ARBOR VITAE,VILAS,Big Arbor Vitae Lake,1545600
2-2766,5,Y,Y,5,60,30,0,5,0,0,1,1,0,0,NA,NA,0,0,0,50,0,0,0,0,1,3,1,0,0,0,0,0,0,NA,0,0,0,0,0,NA,TOWN OF ARBOR VITAE,VILAS,Big Arbor Vitae Lake,1545600
2-2707,0,N,N,0,70,30,0,0,0,0,0,0,0,0,NA,NA,0,0,0,40,0,0,0,0,1,0,0,0,0,0,0,0,0,NA,0,0,0,0,0,NA,TOWN OF ARBOR VITAE,VILAS,Big Arbor Vitae Lake,1545600
2-2706,50,Y,Y,25,60,10,0,5,0,1,0,2,0,0,NA,NA,0,0,0,0,0,0,0,0,1,0,0,0,2,0,0,0,0,NA,0,0,0,0,0,no photos - people present. Campground,TOWN OF ARBOR VITAE,VILAS,Big Arbor Vitae Lake,1545600
2-2709,35,Y,Y,35,60,0,0,5,0,0,0,0,0,0,NA,NA,0,0,0,0,0,0,0,0,2,0,0,0,0,0,0,0,0,NA,0,0,0,0,0,NA,TOWN OF ARBOR VITAE,VILAS,Big Arbor Vitae Lake,1545600
2-2710,30,Y,Y,30,60,0,0,10,0,0,0,1,0,0,NA,NA,0,0,0,0,0,0,0,0,2,1,0,0,0,0,0,0,0,NA,0,0,0,0,0,no photos - people present.,TOWN OF ARBOR VITAE,VILAS,Big Arbor Vitae Lake,1545600
2-2702,15,Y,Y,25,70,0,0,5,0,0,0,0,0,0,NA,NA,0,0,0,0,0,0,0,0,1,0,0,0,0,0,0,0,0,NA,0,0,0,0,0,NA,TOWN OF ARBOR VITAE,VILAS,Big Arbor Vitae Lake,1545600
2-2696,55,Y,Y,25,0,65,0,10,0,0,0,0,0,0,NA,NA,0,0,0,0,0,0,0,0,1,1,0,0,0,0,0,0,0,NA,0,0,0,0,0,NA,TOWN OF ARBOR VITAE,VILAS,Big Arbor Vitae Lake,1545600
2-2692,40,Y,Y,10,20,50,0,20,2,2,0,1,0,0,NA,NA,0,0,0,30,0,0,0,0,6,0,1,0,0,0,0,0,0,NA,0,0,0,0,0,NA,TOWN OF ARBOR VITAE,VILAS,Big Arbor Vitae Lake,1545600
2-2694,85,Y,Y,65,5,20,0,10,0,0,0,1,0,0,NA,NA,0,0,0,0,0,0,0,0,1,1,0,0,0,0,0,0,0,NA,0,0,0,0,0,NA,TOWN OF ARBOR VITAE,VILAS,Big Arbor Vitae Lake,1545600
2-2689,20,Y,Y,10,30,55,0,5,1,0,0,5,0,0,NA,NA,0,0,0,120,0,0,0,0,1,0,0,0,0,1,0,0,0,NA,0,0,0,0,0,NA,TOWN OF ARBOR VITAE,VILAS,Big Arbor Vitae Lake,1545600
2-2751,95,Y,Y,95,0,0,0,5,0,0,0,0,0,0,NA,NA,0,0,0,0,0,0,0,0,1,0,1,0,0,0,0,0,0,NA,0,0,0,0,0,NA,TOWN OF ARBOR VITAE,VILAS,Big Arbor Vitae Lake,1545600
2-2757,95,Y,Y,80,5,0,0,15,0,1,0,2,0,0,NA,NA,0,0,0,0,0,0,0,0,1,1,0,0,0,0,0,0,0,NA,0,0,0,0,0,NA,TOWN OF ARBOR VITAE,VILAS,Big Arbor Vitae Lake,1545600
2-2757-0001,90,Y,Y,85,5,0,0,10,0,0,0,1,0,0,NA,NA,0,0,0,0,0,0,0,0,1,0,0,0,0,0,0,0,0,NA,0,0,0,0,0,NA,TOWN OF ARBOR VITAE,VILAS,Big Arbor Vitae Lake,1545600
2-2757-02,35,Y,Y,25,10,55,0,10,0,7,0,0,0,0,NA,NA,0,0,0,0,0,35,0,0,6,1,1,0,0,0,0,0,0,NA,0,0,0,0,0,skipped photos in sections due to people being present,TOWN OF ARBOR VITAE,VILAS,Big Arbor Vitae Lake,1545600
2-2739,95,Y,Y,70,20,0,0,10,0,0,0,2,0,0,NA,NA,0,0,0,100,0,0,0,0,2,2,0,0,0,1,0,0,0,NA,0,0,0,0,0,NA,TOWN OF ARBOR VITAE,VILAS,Big Arbor Vitae Lake,1545600
2-2737,95,Y,Y,80,10,0,0,10,1,0,0,2,0,0,NA,NA,0,0,0,100,0,0,0,0,2,2,0,0,0,0,0,0,0,NA,0,0,0,0,0,NA,TOWN OF ARBOR VITAE,VILAS,Big Arbor Vitae Lake,1545600
2-2562-01,95,Y,Y,95,0,0,0,5,0,0,0,0,0,0,NA,NA,0,0,0,0,0,0,15,0,0,0,0,0,0,0,0,0,0,NA,0,0,0,0,0,NA,TOWN OF ARBOR VITAE,VILAS,Big Arbor Vitae Lake,1545600
2-2565,95,Y,Y,95,0,0,0,5,0,0,0,0,0,0,NA,NA,0,0,0,0,0,0,10,0,0,0,0,0,0,0,0,0,0,NA,0,0,0,0,0,NA,TOWN OF ARBOR VITAE,VILAS,Big Arbor Vitae Lake,1545600
2-2574,80,Y,Y,85,5,0,0,10,0,0,0,0,0,0,NA,NA,0,0,0,100,0,0,0,0,0,0,0,0,0,0,0,0,0,NA,0,0,0,0,0,geobags within riparian zone,TOWN OF ARBOR VITAE,VILAS,Big Arbor Vitae Lake,1545600
2-2575-01,95,Y,Y,20,0,0,0,80,0,0,0,0,0,0,NA,NA,0,0,0,0,0,0,0,0,0,0,0,0,0,0,0,0,0,NA,0,0,0,0,0,NA,TOWN OF ARBOR VITAE,VILAS,Big Arbor Vitae Lake,1545600
2-2575-05,90,Y,Y,85,10,0,0,5,0,0,0,0,0,2,NA,NA,0,0,0,0,0,0,0,0,1,1,0,0,0,0,0,0,0,NA,0,0,0,0,0,NA,TOWN OF ARBOR VITAE,VILAS,Big Arbor Vitae Lake,1545600
2-2575-06,85,Y,Y,85,0,0,0,15,0,0,0,0,0,0,NA,NA,0,0,0,0,0,0,0,0,1,0,0,0,0,0,0,0,0,NA,0,0,0,0,0,NA,TOWN OF ARBOR VITAE,VILAS,Big Arbor Vitae Lake,1545600
2-2577,95,Y,Y,60,0,0,0,40,0,0,0,0,0,0,NA,NA,0,0,0,0,0,0,0,0,0,0,0,0,0,0,0,0,0,NA,0,0,0,0,0,NA,TOWN OF ARBOR VITAE,VILAS,Big Arbor Vitae Lake,1545600
2-2580,95,Y,Y,85,10,0,0,5,0,4,0,1,0,0,NA,NA,0,0,0,0,0,0,0,0,1,2,1,0,0,0,0,0,0,NA,0,0,0,0,0,yellow iris,TOWN OF ARBOR VITAE,VILAS,Big Arbor Vitae Lake,1545600
2-2581-02,85,Y,Y,75,10,0,0,15,0,1,0,0,0,0,NA,NA,0,0,0,65,0,0,0,0,1,1,1,0,0,0,0,0,0,NA,0,0,0,0,0,NA,TOWN OF ARBOR VITAE,VILAS,Big Arbor Vitae Lake,1545600
2-2648,90,Y,Y,55,5,0,0,40,0,0,0,4,0,2,NA,NA,0,0,0,0,0,0,0,0,0,0,0,0,0,0,1,1,0,NA,0,0,0,0,0,couldn't follow entire shoreland behind island due to shallow water,TOWN OF ARBOR VITAE,VILAS,Big Arbor Vitae Lake,1545600
2-2650,65,Y,Y,75,15,5,0,5,1,4,0,4,0,0,NA,NA,0,0,0,0,0,0,0,0,3,0,1,0,0,0,0,0,0,NA,0,0,0,0,0,NA,TOWN OF ARBOR VITAE,VILAS,Big Arbor Vitae Lake,1545600
2-2655-02,90,Y,Y,75,15,0,0,10,1,0,0,0,0,0,NA,NA,0,0,0,0,0,0,0,0,1,2,0,0,0,0,0,0,0,NA,0,0,0,0,0,NA,TOWN OF ARBOR VITAE,VILAS,Big Arbor Vitae Lake,1545600
2-2655,95,Y,Y,85,10,0,0,5,0,2,0,0,0,0,NA,NA,0,0,0,0,0,0,0,0,1,1,0,0,0,0,0,0,0,NA,0,0,0,0,0,NA,TOWN OF ARBOR VITAE,VILAS,Big Arbor Vitae Lake,1545600
2-2656-06,95,Y,Y,95,5,0,0,0,1,0,0,0,0,0,NA,NA,0,0,0,0,0,0,0,0,1,0,0,0,0,0,0,0,0,NA,0,0,0,0,0,NA,TOWN OF ARBOR VITAE,VILAS,Big Arbor Vitae Lake,1545600
2-2686-16,50,Y,Y,10,15,70,0,5,5,3,0,0,0,0,NA,NA,0,0,65,185,75,0,0,0,10,7,0,0,0,2,0,1,0,NA,0,0,0,0,0,includes island,TOWN OF ARBOR VITAE,VILAS,Big Arbor Vitae Lake,1545600
2-2684,75,Y,Y,20,5,70,0,5,0,1,0,0,0,0,NA,NA,0,0,0,0,0,0,0,0,2,0,1,0,0,0,0,0,0,NA,0,0,0,0,0,NA,TOWN OF ARBOR VITAE,VILAS,Big Arbor Vitae Lake,1545600
2-2682,50,Y,Y,90,5,0,0,5,0,0,0,0,0,0,NA,NA,0,0,0,0,0,0,0,0,1,1,0,0,0,0,0,0,0,NA,0,0,0,0,0,NA,TOWN OF ARBOR VITAE,VILAS,Big Arbor Vitae Lake,1545600
2-2686-26,65,Y,Y,55,20,5,0,20,2,3,0,0,0,0,NA,NA,0,0,0,0,0,0,0,0,3,1,0,0,0,1,0,0,0,NA,0,0,0,0,0,NA,TOWN OF ARBOR VITAE,VILAS,Big Arbor Vitae Lake,1545600
2-2674,25,Y,Y,70,10,20,0,0,0,0,0,1,0,0,NA,NA,0,0,0,85,0,0,0,0,0,0,0,0,0,0,0,0,0,NA,0,0,0,0,0,NA,TOWN OF ARBOR VITAE,VILAS,Big Arbor Vitae Lake,1545600
2-2759,55,Y,Y,40,15,40,0,5,1,0,1,3,0,0,NA,NA,0,0,0,0,0,0,0,0,1,0,0,0,0,0,0,0,0,NA,0,0,0,0,0,NA,TOWN OF ARBOR VITAE,VILAS,Big Arbor Vitae Lake,1545600
2-2762,70,Y,Y,35,25,35,0,5,0,2,0,3,0,0,NA,NA,0,0,0,0,0,0,0,0,1,1,0,0,0,0,0,0,0,NA,0,0,0,0,0,no photos - people present,TOWN OF ARBOR VITAE,VILAS,Big Arbor Vitae Lake,1545600
2-2767,5,Y,Y,5,65,30,0,0,0,0,0,0,0,0,NA,NA,0,0,0,0,0,0,0,0,2,0,0,0,0,0,0,0,0,NA,0,0,0,0,0,NA,TOWN OF ARBOR VITAE,VILAS,Big Arbor Vitae Lake,1545600
2-2708,5,Y,Y,5,70,25,0,0,0,0,0,0,0,0,NA,NA,0,0,0,0,0,0,0,0,1,3,0,0,0,0,0,0,0,NA,0,0,0,0,0,NA,TOWN OF ARBOR VITAE,VILAS,Big Arbor Vitae Lake,1545600
2-2705-04,20,Y,Y,15,25,60,0,0,2,1,0,1,0,0,NA,NA,0,0,0,145,0,0,0,0,1,0,0,0,0,1,0,0,0,NA,0,0,0,0,0,NA,TOWN OF ARBOR VITAE,VILAS,Big Arbor Vitae Lake,1545600
2-2695-01,10,Y,Y,10,15,50,0,25,0,0,0,1,2,2,NA,NA,0,0,0,0,0,0,0,0,1,1,0,0,0,0,0,0,0,NA,0,0,0,0,0,point source likely from gutter system.,TOWN OF ARBOR VITAE,VILAS,Big Arbor Vitae Lake,1545600
2-2754,95,Y,Y,80,5,5,0,10,0,0,0,1,0,0,NA,NA,0,0,0,0,0,0,0,0,2,1,0,0,0,0,0,0,0,NA,0,0,0,0,0,NA,TOWN OF ARBOR VITAE,VILAS,Big Arbor Vitae Lake,1545600
2-2753,95,Y,Y,70,10,0,0,20,0,2,0,1,0,0,NA,NA,0,0,0,0,0,0,15,0,1,0,0,0,0,0,0,0,0,NA,0,0,0,0,0,NA,TOWN OF ARBOR VITAE,VILAS,Big Arbor Vitae Lake,1545600
